property,Status,Assigned,Bedroom,Bath,Price,Date Listed,Reminder Date,Access,Vacancy date,Details,Phase,Location,Rented,Rented Date,Last updated
"50 Mcgarrah Road, Monroe, NY 10950",,,,,,,,,,,Archived,,,,2026-09-01 15:46:15 UTC
"8 Lake Ave, Monroe, NY 10950",Lease Signed,,2 Bed,2 Bath,2750,,,,,,Archived,Monroe,,,2026-08-26 12:45:04 UTC
"37 Tanager Rd, APT 3703, Monroe, NY 10950",Rented Not By Us,,2 Bed,1.5 Bath,2350.,,,Lockbox 8402,,,Archived,Monroe,Not by us,2026-09-01,2026-09-01 14:45:36 UTC
"129 Spring St, -APT 129-, Monroe, NY",,Rous,2 Bed,1 Bath,2500,,,pending,,Center Monroe,Archived,Monroe,Not by us,2026-09-02,2026-09-09 03:13:12 UTC
"649 State Route 32 #1A, Highland Mills, NY 10930",Lease Signed,Yaneth Soto,5 Bed,1 Bath,2700,,,Door is open,,,Archived,Highland Mills,By us,2026-08-21,2026-08-21 17:36:57 UTC
"200 Fosler Rd - Apt 4- , Highland, NY 12528",Active,Leonardo Caal,Studio,1 Bath,1150,2026-08-21,,All showings for Leo // Lockbox: 5150,,,Archived,Highland,By us,2026-09-04,2026-09-04 16:25:03 UTC
"249 Ridge Road,  Highland Mills, NY 10930",Rented Not By Us,Leonardo Caal,3 Bed,3 Bath,3300,,,Tenant: +1 845 500 0139,2026-08-23,,Archived,Highland Mills,Not by us,2026-08-21,2026-08-21 13:18:50 UTC
"200 Fosler Rd - Apt 6 -, Highland, NY 12528",Lease Signed,,,,,,,,,,Archived,Highland Mills,By us,2026-08-19,2026-08-19 19:49:59 UTC
"43 Valerie Ct, Tuxedo Park, NY 10987",Rented Not By Us,Yaneth Soto,4 Bed,2.5 Bath,3500,,,Lockbox: 3543,,Very private house,Archived,Tuxedo Park,,2026-08-25,2026-08-25 22:59:43 UTC
"200 Fosler Rd - Apt 47- , Highland, NY 12528",Lease Signed,Leonardo Caal,Studio,1 Bath,1200,,,All showings for Leo // Lockbox: 5150,,,Archived,Highland,,,2026-08-31 20:57:21 UTC
"23 Eastview Rd, Highland Mills, NY 10930",Lease Signed,,4 Bed,1.5 Bath,3550,,,Garage doors unlocked,,,Archived,Highland Mills,By us,2026-08-30,2026-08-30 16:52:25 UTC
200 fosler unit 60,Rented By Us,,,,1100,,2025-10-01,,,,Archived,Highland,By us,2026-08-31,2026-09-04 15:17:06 UTC
"321 Museum Village Rd Monroe, NY 10950",Lease Signed,,5 Bed,5 Bath,7000,,,Confirm with owner for showings // Lockbox: 4718,,,Archived,Monroe,By us,2026-08-14,2026-08-14 14:41:29 UTC
"9 Barnett Dr - Unit 102, Monroe, NY 10950",Removed,Office,1 Bed,1 Bath,2000,,,Lockbox 6537 - Outside on the main gate,,Center Monroe,Archived,Monroe,,,2026-07-17 18:24:16 UTC
"26 Dallas Dr - top floor -, Monroe, NY 10950",Lease Signed,Yaneth Soto,3 Bed,1 Bath,2350,,,Lockbox: 1340,,,Archived,Monroe,By us,2026-08-17,2026-08-17 20:14:44 UTC
"35 Peddler Hill Road, Monroe, NY 10950",Rented By Us,,3 Bed,1 Bath,2800,,,Lockbox: 6537,,,Archived,Monroe,,2026-07-30,2026-07-30 14:58:15 UTC
"446 Hillside Rd, Monroe, NY 10950",Lease Signed,Yaneth Soto,3 Bed,2 Bath,2600,,,Lockbox: 2583,,Center Monroe,Archived,Monroe,By us,2026-08-25,2026-08-25 22:59:10 UTC
"127 Highland Ave, Monroe, NY 10950",Lease Signed,Rous,4 Bed,1.5 Bath,3000,,2025-09-05,Lockbox: 1389,,,Archived,Monroe,By us,2026-08-05,2026-08-05 14:23:54 UTC
"18 Merriewold Ln N, Monroe, NY 10950",Rented Not By Us,Office,4 Bed,2 Bath,3000,,,Lockbox: 2863,,,Archived,Monroe,,2026-07-26,2026-07-26 16:06:06 UTC
"287 Seven Springs Mountain Rd, Monroe, NY 10950",Rented By Us,Leonardo Caal,5 Bed,1.5 Bath,3300,,,Door is open,,Owner will fix kitchen,Archived,Monroe,,2026-07-24,2026-07-24 16:12:55 UTC
"40 Felter Hill Road, Monroe, NY 10950",Lease Signed,,5 Bed,2 Bath,3250,,,Lockbox: 3044 // Key by white box next to  door,,,Archived,Monroe,By us,2026-08-06,2026-08-06 13:28:19 UTC
"9 Kasch Ct, Monroe, NY 10950",Rented Not By Us,,6 Bed,3 Bath,4500,,,Contact owner for showings,,,Archived,Monroe,,2026-07-29,2026-07-29 13:20:59 UTC
"8 McGarrah Rd, Monroe, NY 10950",Rented By Us,Office,4 Bed,2 Bath,3500,,,Key is in mailbox,,Heat: Natural gas Cooking: Electric,Archived,Monroe,,2026-07-29,2026-07-29 19:49:22 UTC
"469 Hillside Rd, Monroe, NY 10950",Rented By Us,,4 Bed,2 Bath,3400,,,lockbox 214,,Center Monroe,Archived,Monroe,,2026-07-23,2026-07-23 20:15:32 UTC
"1423 Orange Turnpike, Monroe, NY 10950",Lease Signed,Rous,5 Bed,3 Bath,4350,,,Lockbox: 1986,,No pets at all,Archived,Monroe,By us,2026-08-17,2026-08-27 21:48:04 UTC
"2 Forest Ave - Unit 2C -, Monroe, NY 10950",Rented Not By Us,Leonardo Caal,Studio,1 Bath,1550,,,Tenant: +1 845 391 4954,,Center Monroe,Archived,Monroe,,2026-07-23,2026-07-23 20:16:26 UTC
"481 Broadway, Newburgh, NY 12550",Archived,Office,6 Bed,4 Bath,2000,,,-,,,Archived,Newburgh,Removed,,2026-07-15 10:11:19 UTC
"9 Emerald Ln, Monroe, NY 10950",Rented Not By Us,Office,3 Bed,1 Bath,2300,,,Lockbox 1951,,Center Monroe,Archived,Monroe,,2026-07-23,2026-07-23 20:16:52 UTC
"47 Interlochen Pkwy, Monroe, NY 10950",Rented By Us,Yaneth Soto,4 Bed,2 Bath,3300,,,Lockbox 0816 // Backdoor is open for now,,Center Monroe,Archived,Monroe,,2026-07-30,2026-07-30 20:45:36 UTC
"27 Midway Dr, Monroe, NY 10950",Rented Not By Us,,3 Bed,1 Bath,2800,,,Lockbox: 6537,,,Archived,Monroe,,2026-07-28,2026-07-28 14:12:37 UTC
"430 N Main St, Monroe, NY 10950",Received Deposit,Rous,3 Bed,1 Bath,2100,2026-08-04,,Keys are in the office,,Center Monroe,Archived,Monroe,By us,2026-09-09,2026-09-09 17:49:21 UTC
"3 Mid Oaks Dr, Monroe, NY 10950",Rented Not By Us,,5 Bed,2.5 Bath,3700,,,Lockbox: 1524,,Center Monroe // Received from application for 229 Orchard,Archived,Monroe,Not by us,2026-08-18,2026-08-18 15:41:53 UTC
"83 Franklin Ave, Monroe, NY 10950",Removed,Leonardo Caal,2 Bed,2 Bath,2600,,,Tenant: +1 (845) 673-9493 // Avail Thursdays after 4pm and weekends,,Center Monroe,Archived,Monroe,,,2026-07-24 14:20:16 UTC
"10 Orchard Lake Dr, Monroe, NY 10950",Archived,Office,3 Bed,1 Bath,2800,,,Key: under the mat by the front door,,,Archived,Monroe,By us,2026-07-23,2026-07-26 14:28:31 UTC
"92 Sylvan Trail, Monroe, NY 10950",,Rous,3 Bed,1 Bath,2100,,,Lockbox: 9810,,,Archived,Monroe Trails,By us,2026-07-23,2026-07-23 20:17:18 UTC
"13 Laurel Trail, Monroe, NY 10950",Rented By Us,,3 Bed,1 Bath,2300,,,Door is open,,,Archived,Monroe Trails,,2026-07-30,2026-07-30 14:59:16 UTC
"42 Orchard Trl, Monroe, NY 10950",Lease Signed,,4 Bed,3 Bath,3000,,,Lockbox 2245,,,Archived,Monroe Trails,By us,2026-08-17,2026-08-17 20:11:48 UTC
"27 Cedar Trail, Monroe, NY 10950",Active,,5 Bed,2 Bath,3600,,,Door is open,,,Archived,Monroe Trails,Not by us,2026-09-01,2026-09-01 20:51:12 UTC
"605 State Route 32, Highland Mills, NY 10930",Lease Signed,Office,3 Bed,1 Bath,2650,,,Door is open,,,Archived,Highland Mills,By us,2026-08-21,2026-08-25 12:17:14 UTC
"3 Lent Dr, Highland Mills, NY 10930",Rented Not By Us,,4 Bed,2 Bath,3500,,,Currently Open // Key is next to the door on top of bricks,,,Archived,Highland Mills,,,2026-08-14 13:10:00 UTC
"1021 State Route 32, Highland Mills, NY 10930",Rented Not By Us,,7 Bed,4 Bath,4300,,,Back door is open,,,Archived,Highland Mills,,2026-07-29,2026-07-29 13:14:26 UTC
"17 Hickory St, Highland Mills, NY 10930",Archived,,4 Bed,2 Bath,3350,,,Lockbox 4700,,,Archived,Highland Mills,By us,2026-07-23,2026-07-23 20:17:42 UTC
"32 Burrow Drive, Highland Mills, NY 10930",Rented By Us,Leonardo Caal,3 Bed,1 Bath,3000,,,Door is open,,,Archived,Highland Mills,,2026-07-23,2026-07-23 20:19:50 UTC
"411 Harriman Heights Road, Harriman, NY 10926",Lease Signed,Yaneth Soto,5 Bed,2 Bath,3300,,,Lockbox : 0381,,No pets,Archived,Central Valley/Harriman,By us,2026-08-07,2026-08-07 17:59:17 UTC
"338 Clove Rd, Monroe, NY 10950",Lease Signed,Office,3 Bed,3 Bath,3900,,,1085,,,Archived,Monroe,By us,2026-08-17,2026-08-17 20:19:47 UTC
"1535 Route 208, Front house, Washingtonville, NY 10992",Lease Signed,Leonardo Caal,4 Bed,2 Bath,2800,,,Door is open,,Landlord will clean the place,Archived,Washingtonville,By us,2026-08-25,2026-08-25 22:58:57 UTC
"51 Goshen Avenue, Washingtonville, NY 10992",Rented Not By Us,Leonardo Caal,3 Bed,1.5 Bath,2900,,,Key by the front door under the mat,,,Archived,Washingtonville,,,2026-08-13 13:40:16 UTC
"13 Kings Point Ln, Washingtonville, NY 10992",Rented By Us,Rous,4 Bed,3 Bath,3800,,,Empty,,,Archived,Washingtonville,,2026-07-31,2026-07-31 16:19:45 UTC
"143 Main St APT 7, Chester, NY 10918",Received Deposit,Office,1 Bed,1 Bath,1150,2026-06-04,,Lock number back door: 1432 outside // Unit is open,,Utilities included,Archived,Chester,By us,2026-09-04,2026-09-04 17:52:16 UTC
"1071 Craigville Road, Chester, NY 10918",Rented By Us,Office,4 Bed,3 Bath,4600,,,Code: 435,,,Archived,Chester,,,2026-07-31 19:37:53 UTC
"26 Clinton St
Walden, NY  12586",,,6 Bed,2 Bath,2675,,,Key in Mailbox,,,Archived,Walden,Not by us,2026-07-23,2026-07-23 20:17:34 UTC
"145 County Route 1, Warwick, NY 10990",Rented By Us,Yaneth Soto,2 Bed,1 Bath,2495,,,Keys should be in a Cup outside,,Laundry Onsite,Archived,Warwick,By us,2026-07-20,2026-07-20 17:21:05 UTC
"5 Old Turnpike Rd #2, Bloomingburg, NY 12721.",Rented By Us,,3 Bed,1 Bath,1600,,2025-08-24,Lockbox 3720,,,Archived,Bloomingburg,By us,2026-07-24,2026-07-24 16:31:29 UTC
"352 North St - Apt 2, Middletown, NY 10940",Archived,Office,3 Bed,1 Bath,2200,,,Key is by the door,,,Archived,Middletown,Not by us,2026-07-23,2026-07-23 20:17:51 UTC
"48 Beacon Street - Right side Apt-, Middletown, NY 10940",Rented Not By Us,Yaneth Soto,3 Bed,1 Bath,2000,,,Door is open,,,Archived,Middletown,,,2026-08-14 13:13:44 UTC
"227 E Main St Unit 2, Middletown, NY 10940",Rented Not By Us,Leonardo Caal,2 Bed,1 Bath,2150,,,Tenant: +1 347 847 5215,2026-07-31,,Archived,Middletown,,2026-07-29,2026-07-29 19:44:30 UTC
"86 Linden Avenue, Middletown, NY 10940",Rented By Us,Rous,3 Bed,2 Bath,2800,,,Lockbox 0000,,Owner will change carpet and paint,Archived,Middletown,,2026-07-29,2026-07-29 16:37:01 UTC
"33 Lincoln St - Side Apt- , Middletown, NY 10940",Lease Signed,Rous,3 Bed,1 Bath,2200,,,Key by mailbox,,,Archived,Middletown,By us,2026-08-14,2026-08-14 16:26:43 UTC
"51 Greenwich Ave - Basement -, Goshen, NY 10924",Rented Not By Us,,1 Bed,1 Bath,1500,,,Lockbox: 8452,,,Archived,Goshen,Not by us,2026-08-31,2026-08-31 17:12:53 UTC
"211 W Main St, Goshen, NY 10924",Lease Signed,Rous,1 Bed,1 Bath,1550,,,Lockbox: 5760,,available to move in 8/5,Archived,Goshen,By us,2026-08-04,2026-08-04 20:55:33 UTC
"3 Tanglewood Dr, Goshen, NY 10924",Lease Signed,Rous,5 Bed,3 Bath,3350,,,Door is open,,2 kitchens,Archived,Goshen,By us,2026-08-26,2026-08-26 21:24:59 UTC
"31 Hazen St Second floor, Cornwall, NY 12518",Rented By Us,,2 Bed,1 Bath,1500,,,Door is open,,,Archived,Cornwall,,2026-07-23,2026-07-23 20:16:12 UTC
"3 Brewster Dr, Middletown, NY 10940",Pending,,3 Bed,2 Bath,0,,,Tenant: +1 845 521 6076,,,Archived,Middletown,,,2026-08-31 19:15:33 UTC
208 main st. Apt D. Maybrook ny,Received Application,,,,0,,,Lockbox 2509,,,Archived,Maybrook,,,2026-08-27 17:18:24 UTC
"10 Falkirk Avenue, Central Valley, NY 10917",Pending,,,,0,,,,,,Archived,Central Valley/Harriman,,,2026-08-27 17:02:37 UTC
"16 Roselawn Rd, Highland Mills, NY 10930",Rented By Us,,2 Bed,1 Bath,1650,,2025-09-24,Tenant: 929 402 8509,,,Archived,Highland Mills,,,2026-08-24 18:52:27 UTC
"11 Stanford Dr, Highland Mills, NY 10930",Archived,,,,0,,2026-08-13,,,,Archived,Highland Mills,,,2026-08-23 18:49:13 UTC
"55 Heather Ridge, Highland Mills, NY 10930",Rented Not By Us,,,,0,,,,,,Archived,Highland Mills,,,2026-08-23 18:50:27 UTC
"3 Moorefield Cir, Highland Mills, NY 10930",Rented By Us,,,,4450,,2025-09-23,,,,Archived,Highland Mills,,,2026-08-23 18:51:02 UTC
"15 Via Lipari, Monroe, NY 10950",Pending,,,,0,,,,,,Archived,Monroe,,,2026-08-23 19:18:16 UTC
"38 Mid Oaks St, Monroe, NY 10950",Pending,Office,3 Bed,2 Bath,3400,,,Lockbox 000,,Center Monroe,Archived,Monroe,,,2026-08-26 21:19:13 UTC
"20 Archer Dr, Monroe, NY 10950",Pending,,,,0,,,,,,Archived,Monroe,,,2026-08-26 21:36:55 UTC
"3 Boyles Ct, Monroe, NY 10950",Rented Not By Us,,4 Bed,2 Bath,2850,,,Lockbox 7455,,,Archived,Monroe,,,2026-08-23 19:33:10 UTC
"11 Ann Pl, Monroe, NY 10950, EE. UU.",Pending,,,,0,,,,,,Archived,Monroe,,,2026-08-26 21:34:03 UTC
"34 Mid Oaks St - unit 1 -, Monroe, NY 10950",Pending,,,,0,,,,,,Archived,Monroe,,,2026-08-26 21:36:21 UTC
"14 Millard Circle, Monroe, NY 10950",,,6 Bed,4 Bath,0,,,,,,Archived,Monroe,Received Application,,2026-07-16 09:45:17 UTC
"10 Barnett Rd E, Monroe, NY 10950",Pending,Yaneth Soto,,2 Bath,3600,,,Tenant: +1 (845) 662-9008,,,Archived,Monroe,,,2026-08-26 21:19:35 UTC
"44 Tanager Road #4405, Monroe, NY 10950",Pending,,,,0,,,,,,Archived,Monroe,,,2026-08-31 19:30:23 UTC
"39 Cooper Dr, Monroe, NY 10950",Received Deposit,Rous,3 Bed,1 Bath,3200,2026-08-17,,key under the mat,,Center Monroe,Archived,Monroe,By us,2026-09-04,2026-09-07 02:51:26 UTC
"16 Houston Avenue, Monroe, NY 10950",Pending,Office,3 Bed,1.5 Bath,3250,,,Key is under the rug,,,Archived,Monroe,,,2026-08-27 19:01:22 UTC
"35 Cunningham Dr, Monroe, NY 10950",Pending,,6 Beds,4 Bath,0,,,Garage Code: 0122,,,Archived,Monroe,,,2026-09-04 17:40:45 UTC
"59 Franklin Ave, Monroe, NY 10950",Pending,Office,7 Bed,3 Bath,3800,,,Lockbox: 2583,,Center Monroe // 3 kitchens,Archived,Monroe,,,2026-08-26 21:19:46 UTC
"464 Hillside Rd, Monroe, NY 10950",Pending,,,,0,,2027-03-01,,,,Archived,Monroe,,,2026-08-31 19:27:25 UTC
120 Nort main st Monroe ny,Pending,,,,0,,,,,,Archived,Monroe,,,2026-08-31 19:32:04 UTC
"7 Brook Drive, Monroe, NY 10950",Lease Signed,Yaneth Soto,3 Bed,1 Bath,2800,,,Open,,Center Monroe,Archived,Monroe,,,2026-08-14 15:53:40 UTC
"12 Mid Oaks Drive, Monroe, NY 10950",Received Deposit,Leonardo Caal,5 Bed,2 Bath,3400,2026-08-10,2026-08-11,Lockbox: 2121,,Center Monroe,Archived,Monroe,By us,2026-09-02,2026-09-03 15:09:46 UTC
"19 Lake Ave, Monroe, NY 10950",Rented Not By Us,Leonardo Caal,3 Bed,1 Bath,2750,,,Lockbox: 7455,,,Archived,Monroe,,2026-07-28,2026-07-28 19:46:36 UTC
"1 Pearsall Drive, Monroe, NY 10950",Lease Signed,Office,5 Bed,2 Bath,3600,,,Garage door should be open // Lockbox: 1981 or 0183,,Center Monroe,Archived,Monroe,By us,2026-08-24,2026-08-24 12:19:51 UTC
"12 Merriewold Ln N, Monroe, NY 10950",Rented Not By Us,Yaneth Soto,3 Bed,1 Bath,2950,,,Open,,,Archived,Monroe,Not by us,2026-08-30,2026-08-30 17:35:17 UTC
"18 Forester Ave, Warwick, NY 10990, USA",Archived,,3 Bed,2 Bath,2700,,,Door open,,,Archived,Warwick,Not by us,,2026-07-14 18:08:21 UTC
"531 NY-211, Montgomery, NY 12549",Archived,Office,4 Bed,2.5 Bath,3350,,,Lockbox 2751,,,Archived,Montgomery,Not by us,,2026-07-14 18:06:24 UTC
"2767 Route 6, Slate Hill, NY 10973",Archived,,Studio,2 Bath,2700,,,Lockbox: 1234,,,Archived,Slate Hill,Not by us,,2026-07-14 18:08:39 UTC
"443 Rye Hill Road, Monroe, NY 10950",Archived,Office,5 Bed,3 Bath,3900,,,Open,,,Archived,Monroe,By us,,2026-07-14 18:08:55 UTC
"28 Peter Bush Drive, Monroe, NY 10950",Archived,,6 Bed,3 Bath,3500,,,Lockbox: 1749 / When scheduling a showing please inform landlord.,,,Archived,Monroe,Not by us,,2026-07-14 18:08:55 UTC
"120 Pine Tree Road, Monroe, NY 10950",Archived,Office,5 Bed,3 Bath,4300,,,Key is under the rug,,Has a pool,Archived,Monroe,By us,,2026-07-16 10:32:44 UTC
"19 Hilltop Pl, Monroe, NY 10950",Archived,,6 Bed,4 Bath,4500,,,Lockbox: 969696,,"2 Kitchen, 2 washers and dryers",Archived,Monroe,Not by us,2026-07-23,2026-07-23 20:21:21 UTC
"4 Roe Circle, Monroe, NY 10950",Archived,Office,6 Bed,2 Bath,3600,,,Lockbox: 0978,,Center Monroe,Archived,Monroe,By us,,2026-07-16 11:14:25 UTC
"176 Pine Tree Rd, Monroe, NY 10950",Archived,,5 Bed,3 Bath,3550,,,Key: under rug - Someone lives in the attic,,Landlord pays for snow removal and grass,Archived,Monroe,Active,,2026-07-14 18:08:54 UTC
"273 Prospect Rd, Monroe, NY 10950",Archived,,6 Bed,3 Bath,4000,,,Garage door open,,,Archived,Monroe,By us,,2026-07-14 18:08:54 UTC
"193 Nelson Rd, Monroe, NY 10950",Archived,,6 Bed,1 Bath,2300,,,Lockbox: 6481,,,Archived,Monroe,By us,,2026-07-14 18:08:54 UTC
"19 McGarrah Rd, Monroe, NY 10950",Archived,Office,5 Bed,2 Bath,3700,,,Key: under the rug,,,Archived,Monroe,Removed,,2026-07-14 18:08:54 UTC
"1 Cindy Ln, Highland Mills, NY 10930",Archived,,6 Bed,4 Bath,0,,,,,,Archived,Monroe,Active,,2026-07-15 15:46:24 UTC
"125 N Main St, Monroe, NY 10950",Archived,,6 Bed,4 Bath,0,,,,,,Archived,Monroe,Active,,2026-07-15 15:43:41 UTC
"21 David Ln, Monroe, NY 10950",Archived,Office,2 Bed,1 Bath,1800,,,Lockbox: 1951,,Center Monroe,Archived,Monroe,By us,,2026-07-14 18:08:54 UTC
"127 Spring St - Unit 201- , Monroe, NY 10950",Archived,,3 Bed,2 Bath,3200,,,Leo's Apt,,,Archived,Monroe,By us,,2026-07-14 18:08:55 UTC
"16 Fernglade Court, Monroe, NY 10918",Archived,Yaneth Soto,8 Bed,5 Bath,4500,,,Door is open,,Heating Oil,Archived,Monroe,Not by us,,2026-07-14 18:08:57 UTC
"34 Twin Lakes Road, Monroe, NY 10950",Archived,Office,5 Bed,3 Bath,5500,,,Confirm with Shlomy for showings // Lockbox: 1267 -  It’s on the left-hand side of the front porch. Please make sure key is returned,,ready to move in on may 15th,Archived,Monroe,By us,,2026-07-14 18:08:55 UTC
"3 Galveston Dr, Monroe, NY 10950",Archived,Rous,4 Bed,2 Bath,3200,,,Open,,,Archived,Monroe,By us,,2026-07-14 18:08:55 UTC
"406 Mountain Lodge Rd, Monroe, NY 10950",Archived,Yaneth Soto,4 Bed,2 Bath,2400,,,,,,Archived,Monroe,Lease Signed,,2026-07-14 18:08:55 UTC
"6 Hawks Nest Rd, Monroe, NY 10950",Archived,,4 Bed,2 Bath,3500,,,,,,Archived,Monroe,By us,,2026-07-14 18:08:54 UTC
"22 Tanager Rd APT 2206, Monroe, NY 10950",Archived,Office,1 Bed,1 Bath,1900,,,Lockbox 8547,,,Archived,Monroe,By us,,2026-07-14 18:08:56 UTC
"17 Round Lake Ave, Monroe, NY 10950",Archived,Rous,2 Bed,1 Bath,2600,,,Key: behind the screen by the front door,,,Archived,Monroe,Active,,2026-07-14 18:08:55 UTC
"43 Half Hollow Turn, Apt #1, Monroe, NY 10950",Archived,Office,3 Bed,2 Bath,2500,,,"Owner lives in the house so need to conform each showing
+1(347)746-3249",,Center Monroe,Archived,Monroe,By us,,2026-07-14 18:08:54 UTC
"10 Old Dominion Road, Blooming Grove, NY 10914",Archived,Rous,5 Bed,2 Bath,3100,,,Lockbox: 1877,,,Archived,Monroe,By us,,2026-07-14 18:08:56 UTC
"5 Tanager Rd, Monroe, NY 10950",Archived,,6 Bed,2 Bath,3500,,,Tenant: +1 845 662 9227,,,Archived,Monroe,By us,,2026-07-14 18:08:56 UTC
"95 Franklin Ave, Monroe, NY 10950",Archived,,2 Bed,1 Bath,0,,,,,Center Monroe,Archived,Monroe,Active,,2026-07-15 15:44:22 UTC
"6 King St, Monroe, NY 10950",Archived,,6 Bed,4 Bath,0,,,,,,Archived,Monroe,Active,,2026-07-15 15:46:45 UTC
"258 Elm Street, Monroe, NY 10950",Archived,Rous,6 Bed,2 Bath,3300,,,Lockbox 1116,,Center Monroe,Archived,Monroe,By us,,2026-07-14 18:12:01 UTC
"6 Tanager Rd, Monroe, NY 10950",Archived,Yaneth Soto,5 Bed,2 Bath,3500,,,Vacant,,,Archived,Monroe,By us,,2026-07-14 18:08:54 UTC
"562 High St, Monroe, NY 10950",Archived,Rous,6 Bed,2 Bath,3500,,,Tenant: +1 845 670 0804,,Center Monroe // with pool,Archived,Monroe,By us,,2026-07-16 11:15:08 UTC
"33 Pine Hill Rd, Monroe, NY 10950",Archived,Rous,6 Bed,3 Bath,3500,,,Tenant: +1 845 479 7269 / after 6 PM,,Z: 4 Bed 3 Bath,Archived,Monroe,By us,,2026-07-16 11:13:15 UTC
"10 Via Lipari, Monroe, NY 10950",Archived,Office,2 Bed,1 Bath,2100,,,Door is open,,,Archived,Monroe,By us,,2026-07-14 18:08:54 UTC
"170 Prospect Rd, Monroe, NY 10950",Archived,,4 Bed,1 Bath,2700,,,"Door is open, or key is on top of the door",,Private house,Archived,Monroe,By us,2026-07-23,2026-07-23 20:20:11 UTC
"23 Crotty Court, Monroe, NY 10950",Archived,,3 Bed,1 Bath,2800,,,Lockbox 6537 - Need new photos,,Center Monroe,Archived,Monroe,Not by us,,2026-07-14 18:08:54 UTC
"36 Evergreen Dr, Monroe, NY 10950",Archived,Office,6 Bed,2 Bath,2650,,,Back door should be open,,,Archived,Monroe,By us,,2026-07-14 18:08:56 UTC
"120 N Main St APT 5, Monroe, NY 10950",Archived,Office,2 Bed,1 Bath,1850,,,Tenant: (845) 837-8539 // Moving out end of January,,Time we can have showings Friday most of the day Sunday to thursday every day from 6:30pm,Archived,Monroe,By us,,2026-07-15 11:10:46 UTC
"230 Mill St, back house, Monroe, NY 10950",Archived,Rous,3 Bed,1 Bath,2300,,,Key: In the mailbox // Tenant: +1 (329) 228-2879 text to notify  showings,,,Archived,Monroe,By us,,2026-07-14 18:08:55 UTC
"1 Sunny Ln, Monroe, NY 10950",Archived,Rous,5 Bed,3 Bath,3800,,,Key is under mat by front door,,2 Kitchens // Center Monroe,Archived,Monroe,By us,,2026-07-14 18:08:55 UTC
"4 Red Bird Dr, Monroe, NY 10950",Archived,,5 Bed,2 Bath,0,,,,,,Archived,Monroe,Lease Signed,,2026-07-14 18:08:54 UTC
"8 Rocky Rd, Monroe, NY 10950",Archived,Leonardo Caal,3 Bed,1 Bath,2300,,,Lockbox 1418,,,Archived,Monroe,By us,,2026-07-16 11:06:03 UTC
"6 Emily Lane, Monroe, NY 10950",Archived,Leonardo Caal,3 Bed,3.5 Bath,3600,,,Door is open,,,Archived,Monroe,By us,,2026-07-14 18:08:55 UTC
"18 N Main St - Apt 2 -, Monroe, NY 10950",Archived,Office,2 Bed,1 Bath,2000,,,Key by the bottom corner of the door frame,,Center Monroe,Archived,Monroe,By us,,2026-07-14 18:08:55 UTC
"2 Forest Ave #1A, Monroe, NY 10950",Archived,Office,1 Bed,1 Bath,1650,,,Hold off on showings,,Center Monroe / Utilities included,Archived,Monroe,Removed,,2026-07-14 18:08:55 UTC
"126 Linden Ln, Monroe, NY 10950",Archived,,6 Bed,2 Bath,3800,,,just knock on the door,,,Archived,Monroe,By us,,2026-07-14 18:08:56 UTC
"3 Angel Rd, Monroe, NY 10950",Archived,Office,6 Bed,2 Bath,2700,,,Lockbox: 6956,,Center Monroe,Archived,Monroe,By us,,2026-07-14 18:08:54 UTC
"12 Round Lake Ave, Monroe, NY 10950",Archived,Yaneth Soto,6 Bed,1.5 Bath,3700,,,Back door is open,,Center Monroe,Archived,Monroe,By us,,2026-07-14 18:08:54 UTC
"127 Spring St - Unit 202 - , Monroe, NY 10950",Archived,,3 Bed,2 Bath,3200,,,Lockbox: Code 7514,,Center Monroe,Archived,Monroe,By us,,2026-07-16 10:59:04 UTC
"40 Mountain Road, Monroe, NY 10950",Archived,Yaneth Soto,6 Bed,3 Bath,3300,,,Open,,,Archived,Monroe,Removed,,2026-07-15 12:40:09 UTC
"57 School Rd, Monroe, NY 10950",Archived,,6 Bed,2 Bath,3500,,,Lockbox 6537,,,Archived,Monroe,By us,2026-07-23,2026-07-23 20:22:34 UTC
"618 Stage Rd, Monroe, NY 10950",Archived,Yaneth Soto,5 Bed,2 Bath,4000,,,Lockbox: 2584,,Center Monroe,Archived,Monroe,Not by us,,2026-07-14 18:08:55 UTC
"294 Seven Springs Mountain Rd, Monroe, NY 10950",Archived,Office,5 Bed,3 Bath,3400,,,Vacant,,,Archived,Monroe,By us,,2026-07-14 18:08:56 UTC
"16 Barnett Rd W, Monroe, NY 10950",Archived,Yaneth Soto,4 Bed,1 Bath,3200,,,"Tenant: +1 845 329 5045 / Mostly Available after 4pm, call before scheduling.",,,Archived,Monroe,By us,,2026-07-15 15:35:32 UTC
"35 Island View Ave, Monroe, NY 10950",Archived,,5 Bed,3 Bath,3300,,,Contact The Owner.,,Center Monroe,Archived,Monroe,Removed,,2026-07-14 18:08:56 UTC
"129 Spring St #206, Monroe, NY 10950",Archived,,3 Bed,2 Bath,2900,,,Lockbox: Door to building: 4 Code to apt: 135,,,Archived,Monroe,By us,,2026-07-14 18:08:57 UTC
"425 Old Dutch Hollow Rd, Monroe, NY 10950",Archived,Rous,6 Bed,1 Bath,2150,,,Lockbox: 9171,,,Archived,Monroe,By us,,2026-07-16 10:30:01 UTC
"576 Lakes Rd, Monroe, NY 10950",Archived,,3 Bed,2 Bath,3000,,,Lockbox 7455 or 9792,,,Archived,Monroe,By us,,2026-07-14 18:08:55 UTC
"35 Oreco Terrace, Monroe, NY 10950",Archived,Yaneth Soto,6 Bed,2 Bath,2900,,,Lockbox: 2459,,Center Monroe,Archived,Monroe,By us,,2026-07-16 11:13:34 UTC
"8 Mid Oaks St, Monroe, NY 10950",Archived,Office,3 Bed,1 Bath,2995,,,Lockbox: 8452,,Center Monroe,Archived,Monroe,By us,,2026-07-14 18:08:55 UTC
"7 Block Alley, Monroe, NY 10950",Archived,Yaneth Soto,3 Bed,2 Bath,2450,,,Lockbox 8547,,Center Monroe,Archived,Monroe,By us,,2026-07-14 18:08:55 UTC
"406 Mountain Lodge Rd, Monroe, NY 10950",Archived,Yaneth Soto,4 Bed,2 Bath,2400,,,Lockbox 1002,,,Archived,Monroe,By us,,2026-07-14 18:08:55 UTC
"9 Deangelis Drive, Monroe, NY 10950",Archived,Office,6 Bed,3 Bath,4200,,,Schedule with the owner,,,Archived,Monroe,Not by us,,2026-07-14 18:08:53 UTC
"347 N Main St, Monroe, NY 10950",Archived,,6 Bed,4 Bath,0,,,,,,Archived,Monroe,Active,,2026-07-15 15:45:17 UTC
"80 Old Quaker Hill Rd - Main House, Monroe, NY 10950",Archived,,6 Bed,4 Bath,3700,,,,,,Archived,Monroe,Active,,2026-07-15 15:45:39 UTC
"683 NY-17M, Monroe, NY 10950",Archived,,6 Bed,4 Bath,0,,,,,,Archived,Monroe,Active,,2026-07-15 15:44:51 UTC
"457 Clove Rd, Monroe, NY 10950",Archived,Office,5 Bed,2 Bath,2900,,,Lockbox 4570,,,Archived,Monroe,Not by us,,2026-07-14 18:08:55 UTC
"65 James Rd, Monroe, NY 10950",Archived,Rous,3 Bed,1 Bath,2050,,,Open,,,Archived,Monroe,Removed,,2026-07-14 18:08:56 UTC
"25 Rabbit Hill Road, Monroe, NY 10950",Archived,,6 Bed,4 Bath,0,,,,,,Archived,Monroe,Active,,2026-07-15 15:46:39 UTC
"370 NY-17M, Monroe, NY 10950",Archived,Office,1 Bed,1 Bath,1200,,,,,Rooms for rent,Archived,Monroe,Active,,2026-07-15 15:43:31 UTC
"16 Old Country Rd, Monroe, NY 10950",Archived,Office,6 Bed,1 Bath,2950,,,Empty,,Utilities included,Archived,Monroe,By us,,2026-07-14 18:08:55 UTC
"177 Prospect Rd - Bsmt Apt -, Monroe, NY 10950",Archived,Yaneth Soto,3 Bed,1 Bath,2450,,,Door is open,,,Archived,Monroe,Not by us,2026-07-23,2026-07-23 20:19:40 UTC
"326 N Main St, Monroe, NY 10950",Archived,Yaneth Soto,5 Bed,2 Bath,2950,,,Lockbox 0039,,Center Monroe,Archived,Monroe,By us,,2026-07-14 18:08:56 UTC
"265 Spring St, Monroe, NY 10950",Archived,,5 Bed,3 Bath,3250,,,,,,Archived,Monroe,Active,,2026-07-15 15:44:14 UTC
360 Schunmunk back house,Archived,,2 Bed,4 Bath,0,,,,,Center Monroe,Archived,Monroe,Active,,2026-07-15 15:47:03 UTC
"7 Goldman Rd Unit B, Monroe, NY 10950",Archived,,2 Bed,1 Bath,1650,,,Key is in the box to the right in front of the door.,,Tenant pays for heat and electricity / They split the oil bill with the downstairs/upstairs tenant.,Archived,Monroe,Not by us,,2026-07-14 18:08:56 UTC
"7 Briarwood Ave, Monroe, NY 10950",Archived,,6 Bed,4 Bath,0,,,,,,Archived,Monroe,Active,,2026-07-15 15:43:20 UTC
"271 Prospect Rd, Monroe, NY 10950",Archived,,4 Bed,3 Bath,3000,,,Code: 10282006,,,Archived,Monroe,By us,,2026-07-14 18:08:55 UTC
"197 Lakes Rd, Monroe, NY 10950",Archived,Yaneth Soto,5 Bed,3 Bath,3000,,,Door is open,,Center Monroe,Archived,Monroe,By us,,2026-07-14 18:08:55 UTC
"42 Brookside Rd, Monroe, NY 10950",Archived,Office,6 Bed,2 Bath,3200,,,Lockbox 1818,,Center Monroe,Archived,Monroe,Active,,2026-07-14 18:08:56 UTC
"5 Goldman Rd #A, Monroe, NY 10950",Archived,,2 Bed,1 Bath,1750,,,Lockbox: 6411,,Tenant pays for heat and electricity,Archived,Monroe,By us,,2026-07-14 18:08:55 UTC
"265 N Main Street Apt 1, Monroe, NY 10950",Archived,,3 Bed,2 Bath,2250,,,Tenant: 805-806-5165,,Tennant Moving out end of month / We cant start showings ASAP.,Archived,Monroe,Active,,2026-07-14 18:08:53 UTC
"22 N Main St Apt 2, Monroe, NY 10950",Archived,Yaneth Soto,1 Bed,1 Bath,1500,,,Lockbox: 7577,,Center Monroe / Utilities are not included,Archived,Monroe,By us,2026-07-23,2026-07-23 20:20:48 UTC
"37 Evergreen Dr, Monroe, NY 10950",Archived,Leonardo Caal,3 Bed,1 Bath,2800,,,Tenant: +1 845 313 6854,,Laundry onsite,Archived,Monroe,By us,,2026-07-14 18:08:55 UTC
"22 Tanager Rd APT 2201, Monroe, NY",Archived,,1 Bed,1 Bath,1800,,,Lockbox 1951,,,Archived,Monroe,By us,,2026-07-14 18:08:55 UTC
"12 Lake St Apartment 5, Monroe, NY 10950",Archived,,2 Bed,1 Bath,1650,,,Lockbox 1505,,Center Monroe,Archived,Monroe,By us,,2026-07-16 10:44:39 UTC
"318 Lake Shore Dr, Monroe, NY 10950",Archived,Yaneth Soto,4 Bed,2 Bath,3175,,,,,,Archived,Monroe,Not by us,,2026-07-14 18:08:53 UTC
"7 Merriewold Ln South , Monroe, NY 10950",Active,,6 Bed,3 Bath,2850,,,Back door is open,,,Archived,Monroe,Active,,2026-07-29 17:18:54 UTC
"120 N Main St - Apt #4 -, Monroe, NY 10950",Archived,Rous,3 Bed,1 Bath,2150,,,Lockbox 1505,,"Landlord will paint, Gas and electric is not included.",Archived,Monroe,By us,,2026-07-16 11:09:27 UTC
"243 Elm St, Monroe, NY 10950",Archived,Rous,3 Bed,1 Bath,2000,,,Open,,Center Monroe // Laundry on site,Archived,Monroe,Not by us,,2026-07-14 18:08:55 UTC
"408 Mountain Lodge Rd, Monroe, NY 10950",Archived,Rous,3 Bed,2 Bath,2500,,,Lockbox: 4578,,,Archived,Monroe,By us,,2026-07-14 18:08:55 UTC
"7 Mountain Park Road, Monroe, NY 10950",Archived,Office,3 Bed,1 Bath,1950,,,Tenant: +1 (773) 269-4183,,,Archived,Monroe,Not by us,,2026-07-14 18:08:55 UTC
"45 Mountain Rd, Monroe, NY 10950",Archived,Yaneth Soto,3 Bed,2 Bath,3200,,,Open,,,Archived,Monroe,By us,,2026-07-14 18:08:55 UTC
"19 James Road, Monroe, NY 10950",Archived,,6 Bed,4 Bath,0,,,,,,Archived,Monroe,Active,,2026-07-15 15:46:00 UTC
"11 Cunningham Dr, Monroe, NY 10950",Archived,Yaneth Soto,5 Bed,3 Bath,3800,,,,,Center monroe,Archived,Monroe,Active,,2026-07-15 15:44:58 UTC
"370 NY-17M, Monroe, NY 10950",Archived,,1 Bed,1 Bath,1400,,,,,Rooms for rent,Archived,Monroe,Active,,2026-07-15 15:43:33 UTC
"37 Center Hill Rd, Monroe, NY 10950",Archived,,3 Bed,1 Bath,3500,,,,,Center Monroe,Archived,Monroe,Not by us,,2026-07-14 18:08:53 UTC
16 1st ave,Archived,,6 Bed,4 Bath,0,,,,,,Archived,Monroe,Received Application,,2026-07-16 09:46:15 UTC
"37 Overlook Rd, Monroe, NY 10950",Archived,Yaneth Soto,1 Bed,1 Bath,1500,,,Open,,Rent + utilities,Archived,Monroe,By us,,2026-07-14 18:08:55 UTC
"129 Linden Ln, Monroe, NY 10950",Archived,Yaneth Soto,7 Bed,3 Bath,3900,,,Tenant: 845-806-9884,,,Archived,Monroe,Not by us,,2026-07-14 18:08:55 UTC
"136 Prospect Rd, Monroe, NY 10950",Archived,Leonardo Caal,6 Bed,3 Bath,3800,,,Tenant: +1 845 480 0703 / All week except for Thursdays and Fridays,,,Archived,Monroe,By us,,2026-07-14 18:08:55 UTC
"3 Newbury St, Monroe, NY 10950",Archived,Yaneth Soto,5 Bed,2 Bath,3300,,,Lockbox 1505,,"Center Monroe 2 car grudge, electric Gas Landscaping not included",Archived,Monroe,By us,,2026-07-14 18:08:55 UTC
"1038 Lakes Road, Monroe, NY 10950",Archived,,6 Bed,4 Bath,0,,,,,,Archived,Monroe,Active,,2026-07-15 15:45:03 UTC
"26 Amy Todt Dr, Monroe, NY 10950",Archived,,6 Bed,2 Bath,3600,,,Tenant: 3478066141,,500 7201 Meneger,Archived,Monroe,Lease Signed,,2026-07-14 18:08:53 UTC
"459 Clove Rd, Monroe, NY 10950",Archived,Office,3 Bed,1.5 Bath,3000,,,Lockbox 1637 - make sure to lock door and not to send anyone by themselves,,,Archived,Monroe,Removed,,2026-07-14 18:08:53 UTC
"106 Maple Avenue, Monroe, NY 10950",Archived,Yaneth Soto,5 Bed,2 Bath,4100,,,Lockbox 1951,,Center Monroe // Laundry onsite and garage,Archived,Monroe,By us,,2026-07-14 18:08:56 UTC
"14 Delano Grv, Monroe, NY 10950",Archived,Yaneth Soto,3 Bed,1 Bath,2500,,,Contact Owner through Whatsapp,,,Archived,Monroe,By us,,2026-07-15 12:42:33 UTC
"6 Brooks Ave, Monroe, NY 10950",Archived,Yaneth Soto,4 Bed,1 Bath,2630,,,Door is open,,Center Monroe,Archived,Monroe,Lease Signed,,2026-07-14 18:08:55 UTC
"36 Hillside Ter, Monroe, NY 10950",Archived,Office,5 Bed,3 Bath,3650,,,Empty,,Center Monroe,Archived,Monroe,By us,,2026-07-15 11:08:23 UTC
"43 Hillside Ter - Room 6-, Monroe, NY 10950",Archived,,1 Bed,1 Bath,700,,,Lockbox: 4343,,Center Monroe // Shared bathroom // vacant rooms to room 7 - 9 - 12,Archived,Monroe,By us,2026-07-23,2026-08-25 20:55:14 UTC
"295 Orchard Dr, Monroe, NY 10950",Archived,Rous,5 Bed,2 Bath,3500,,,Key is under the mat at front door,,,Archived,Monroe,By us,,2026-07-14 18:08:55 UTC
"11 Allison Dr, Monroe, NY 10950",Archived,Yaneth Soto,6 Bed,3 Bath,4400,,,Door open. Keys on top of the chimney. Garage code 1209,,,Archived,Monroe,By us,,2026-07-14 18:08:56 UTC
"7 Woodland Cir N, Monroe, NY 10950",Archived,Rous,6 Bed,1 Bath,2300,,,Key: under the rack,,,Archived,Monroe,Not by us,,2026-07-14 18:08:54 UTC
"36 Ironworks Road, Monroe, NY 10950",Archived,,6 Bed,3 Bath,3500,,,Lockbox 4137,,,Archived,Monroe,Removed,,2026-09-04 00:23:00 UTC
"7 Herbst Dr, Monroe, NY 10950",Archived,,3 Bed,1 Bath,2450,,,Side door open,,,Archived,Monroe,By us,,2026-07-15 10:53:27 UTC
"43 Hillside Ter - Room 7-, Monroe, NY 10950",Active,Yaneth Soto,1 Bed,1 Bath,700,2026-08-25,,Lockbox: 4343,,Center Monroe // Shared bathroom // vacant rooms to room 7 - 9 - 12,Archived,Monroe,Not by us,2026-07-23,2026-09-04 15:14:29 UTC
"24 Rabbit Hill Rd, Monroe, NY 10950",Archived,Rous,3 Bed,2 Bath,2500,,,Front door is open,,Currently has 2 beds but owner can add a bedroom,Archived,Monroe,By us,,2026-07-14 18:08:55 UTC
"578 Lakes Road, Monroe, NY 10950",Archived,,6 Bed,4 Bath,0,,,,,,Archived,Monroe,Active,,2026-07-15 15:46:53 UTC
"64 Franklin Ave - Apt Unit -, Monroe, NY 10950",Archived,Office,3 Bed,1 Bath,2350,,,Tenant : +1 (845) 461-3588,,Center Monroe,Archived,Monroe,By us,,2026-07-15 12:41:16 UTC
"55 Old Country Rd, Monroe, NY 10950",Archived,,6 Bed,4 Bath,0,,,,,,Archived,Monroe,Active,,2026-07-15 15:45:26 UTC
"3 Burrow Dr, Highland Mills, NY 10930",Archived,,6 Bed,4 Bath,0,,,,,,Archived,Monroe,Active,,2026-07-15 15:46:20 UTC
"43 Hillside Ter - Unit #2 -, Monroe, NY 10950, USA",Archived,Yaneth Soto,1 Bed,1 Bath,1500,,,Code 2025,,Utilities Included,Archived,Monroe,Not by us,,2026-07-15 12:47:10 UTC
"79 Quaker Hill Rd - APT -, Monroe, NY 10950",Archived,,5 Bed,3 Bath,3300,,,Door is open,,Center Monroe,Archived,Monroe,By us,,2026-07-14 18:08:55 UTC
"42 Tanager Rd APT 4202, Monroe, NY 10950",Archived,Yaneth Soto,2 Bed,2 Bath,2100,,,Tenant: +1 845 806 9970,,,Archived,Monroe,By us,,2026-07-15 11:08:05 UTC
"166 Berry Rd, Monroe, NY 10950",Archived,,6 Bed,4 Bath,0,,,,,,Archived,Monroe,Received Application,,2026-07-16 09:46:38 UTC
"241 NMain St - Apt 1 - , Monroe, NY 10950",Archived,,6 Bed,1.5 Bath,2995,,,Lockbox 3098,,Center Monroe // Laundry on site,Archived,Monroe,By us,,2026-07-16 11:12:19 UTC
"64 Walton Terrace, Monroe, NY 10950",Archived,,6 Bed,4 Bath,0,,,,,,Archived,Monroe,Active,,2026-07-15 15:43:13 UTC
"108 Highland Ave, Monroe, NY 10950",Archived,,5 Bed,2 Bath,3500,,,Lockbox: 6537,,,Archived,Monroe,By us,,2026-07-15 12:44:03 UTC
"129 Pine Tree Rd, Monroe, NY 10950",Archived,Rous,7 Bed,3 Bath,4000,,,Lockbox 9792,,Pool,Archived,Monroe,Active,,2026-07-14 18:12:00 UTC
"15 Freeland Street, Monroe, NY 10950",Archived,Rous,4 Bed,1 Bath,3300,,,,,Central Monroe // Laundry onsite,Archived,Monroe,By us,,2026-07-14 18:08:55 UTC
"9 Woodland Rd, Monroe, NY 10950",Archived,,6 Bed,4 Bath,0,,,,,,Archived,Monroe,Active,,2026-07-15 15:44:35 UTC
"284 Prospect Rd, Monroe, NY 10950",Archived,Office,5 Bed,2 Bath,3250,,,Key: Under the mat,,requires credit,Archived,Monroe,By us,,2026-07-15 11:09:00 UTC
"42 Clark St, Monroe, NY 10950",Archived,,4 Bed,2 Bath,3000,,,Lockbox: 4460,,Center Monroe // Laundry on site,Archived,Monroe,By us,,2026-07-15 12:49:28 UTC
"46 1st Ave, Monroe, NY 10950",Archived,Yaneth Soto,5 Bed,2 Bath,3500,,,Door or garage is open,,,Archived,Monroe,By us,,2026-07-15 15:24:03 UTC
"123 High Street, Monroe, NY 10950",Archived,Rous,4 Bed,2 Bath,2850,,,Vacant,,"Basement is not included 
// Center Monroe",Archived,Monroe,By us,,2026-07-14 18:12:00 UTC
"25 Winchester Dr, Monroe, NY 10950",Archived,Yaneth Soto,6 Bed,2 Bath,3500,,,Lockbox 6794,,,Archived,Monroe,By us,,2026-07-15 12:34:25 UTC
"265 Spring St, Monroe, NY 10950",Archived,,5 Bed,3 Bath,2995,,,Lockbox 1340,,Center Monroe,Archived,Monroe,Not by us,,2026-07-15 10:56:52 UTC
"241 N Main St - Apt 2 -, Monroe, NY 10950",Archived,,2 Bed,1 Bath,1600,,,Lockbox 3098,,Center Monroe,Archived,Monroe,By us,,2026-07-15 12:52:40 UTC
"38 Winchester Dr, Monroe, NY 10950",Archived,,5 Bed,3 Bath,3950,,,Contact owner for showings // Will be vacant March 1st,,Center Monroe - With pool,Archived,Monroe,By us,,2026-07-15 11:11:22 UTC
"4 Alden Rd, Monroe, NY 10950",Archived,,5 Bed,3 Bath,3700,,,Tenant: +18458021228,,Center Monroe  //1/2 kitchen // Laundry on site,Archived,Monroe,Removed,,2026-07-15 12:43:28 UTC
"5 Mid Oaks Rd, Monroe, NY 10950",Archived,Yaneth Soto,6 Bed,3 Bath,3250,,,Tenant: +1 8452482542,,Center Monroe,Archived,Monroe,By us,,2026-07-16 11:45:44 UTC
"160 Stage Rd, Monroe, NY 10950",Archived,Yaneth Soto,5 Bed,1 Bath,2400,,,It's open,,On top of the garage / no living room / Center Monroe,Archived,Monroe,By us,,2026-07-15 12:37:37 UTC
"447 Clove Rd, Monroe, NY 10950",Archived,,4 Bed,2 Bath,3100,,,Lockbox 0618,,,Archived,Monroe,Not by us,,2026-07-14 18:12:01 UTC
"34 Cromwell Road, Monroe, NY 10950",Archived,Leonardo Caal,6 Bed,3 Bath,4200,,,Key: on top of the light fixture by the left side of the door,,,Archived,Monroe,By us,,2026-07-16 10:55:44 UTC
"6 Mine Rd Apt 2, Monroe, NY 10950",Archived,,6 Bed,3 Bath,3500,,2026-10-06,Open,,Center Monroe,Archived,Monroe,Not by us,,2026-09-08 19:49:49 UTC
"14 Palamar Dr -Apt Upstairs #2-, Monroe, NY 10950",Archived,Office,2 Bed,1 Bath,2100,,,Key: by the front door under rock,,,Archived,Monroe,By us,,2026-07-15 12:51:27 UTC
"20 Old Dominion Rd, Blooming Grove, NY 10914",Archived,Rous,6 Bed,2 Bath,3000,,,Open,,,Archived,Monroe,Not by us,,2026-07-14 18:08:55 UTC
"184 Nininger Rd, Monroe, NY 10950",Archived,,4 Bed,1.5 Bath,2600,,,Lockbox: 4592,,,Archived,Monroe,Not by us,,2026-07-16 10:54:57 UTC
"26 Forshee St, Monroe, NY 10950",Archived,,2 Bed,1 Bath,2550,,,Lockbox: 7455- 9792,,Center Monroe,Archived,Monroe,By us,,2026-07-15 12:49:48 UTC
"424 N Main St, Monroe, NY 10950",Archived,,6 Bed,4 Bath,0,,,,,,Archived,Monroe,Active,,2026-07-15 15:47:22 UTC
"80 N Main St, Monroe, NY 10950",Archived,Leonardo Caal,4 Bed,2 Bath,3000,,,Lockbox: 6834,,Center Monroe,Archived,Monroe,Removed,,2026-07-14 18:08:55 UTC
"18 N Main St - Apt 1 -, Monroe, NY 10950",Archived,Rous,2 Bed,1 Bath,2000,,,Tenant: +1 845-659-7751,,Center Monroe // Laundry on site,Archived,Monroe,By us,,2026-07-15 12:48:56 UTC
"7A Goldman Rd, Monroe, NY 10950",Archived,Office,2 Bed,1 Bath,1800,,,,,Center Monroe,Archived,Monroe,By us,,2026-07-16 11:05:43 UTC
"36 Swezey Pl, Monroe, NY 10950",Archived,Office,6 Bed,2 Bath,3050,,,Lockbox 6537,,Center Monroe,Archived,Monroe,By us,,2026-07-15 12:36:20 UTC
"347 N Main St - Unit #2 -, Monroe, NY 10950",Archived,Yaneth Soto,6 Bed,1 Bath,3000,,,Lockbox: 5784,,Center Monroe // Laundry onsite,Archived,Monroe,By us,,2026-07-14 18:08:55 UTC
"32 Quaker Hill Rd, Monroe, NY 10950",Archived,,5 Bed,2 Bath,3300,,,Lockbox 1877,,Center Monroe,Archived,Monroe,By us,,2026-07-16 09:47:46 UTC
"2 Forest Ave APT 2B, Monroe, NY 10950",Lease Signed,Office,1 Bed,1 Bath,1500,,,Open,,Center Monroe,Archived,Monroe,By us,2026-08-17,2026-08-20 21:04:34 UTC
"108 Linden Ln, Monroe, NY 10950",Archived,Office,6 Bed,1.5 Bath,2550,,,Empty,,Center Monroe,Archived,Monroe,By us,,2026-07-15 10:54:09 UTC
"11 Julien Ct, Monroe, NY 10950",Archived,,6 Bed,1 Bath,2950,,,open,,,Archived,Monroe,By us,,2026-07-15 11:07:35 UTC
"11 Miller Ln (old house) , Monroe, NY 10950",Archived,,6 Bed,4 Bath,0,,,,,,Archived,Monroe,Active,,2026-07-15 15:47:35 UTC
"14 Maurice Ln, New Windsor, NY 12553",Archived,,3 Bed,2 Bath,1850,,,Code: 8547,,,Archived,Monroe,Not by us,,2026-07-15 11:09:16 UTC
"7 Hawks Nest Rd, Monroe, NY 10950, USA",Archived,Leonardo Caal,4 Bed,2 Bath,3200,,,Tenant: +1 845 662 5825,,,Archived,Monroe,By us,,2026-07-14 18:08:55 UTC
"20 Pine Tree Rd, Monroe, NY 10950",Archived,Yaneth Soto,5 Bed,2.5 Bath,3500,,,Tenant: +1 (845) 806-5435,,,Archived,Monroe,By us,,2026-07-15 11:11:01 UTC
"27 Charlton Pl, Monroe, NY 10950",Archived,Rous,4 Bed,2 Bath,2700,,,Lockbox: 27030,,Center Monroe // pool,Archived,Monroe,By us,,2026-07-15 15:41:05 UTC
"25 Gloria Trail, Monroe, NY 10950",Archived,,3 Bed,1 Bath,2400,,,+1 860-514-8867,,Vacant by may 1st // Private house,Archived,Monroe,Active,,2026-07-15 15:45:55 UTC
"12 Revere Rd, Monroe, NY 10950",Archived,,3 Bed,3 Bath,0,,,,,,Archived,Monroe,Active,,2026-07-15 15:44:05 UTC
"15 Woodard Rd, Monroe, NY 10950",Archived,,5 Bed,2 Bath,3900,,,Lockbox: 2626,,,Archived,Monroe,Not by us,,2026-07-15 12:39:21 UTC
"12 Brooks Ave, Monroe, NY 10950",Archived,Yaneth Soto,5 Bed,2 Bath,2800,,,Open,,Center Monroe,Archived,Monroe,By us,2026-07-23,2026-07-23 20:19:22 UTC
"8 Orchard Lake Dr, Monroe, NY 10950",Archived,,4 Bed,1 Bath,0,,,Lockbox 5999,,,Archived,Monroe,Active,,2026-07-15 15:45:49 UTC
"8 Hickory Ln, Monroe, NY 10950",Archived,,6 Bed,2 Bath,3500,,,Lockbox: 4058,,2 Kitchens,Archived,Monroe,Removed,,2026-07-14 18:11:59 UTC
"28 Dorothy Dr, Monroe, NY 10950",Archived,Rous,5 Bed,2 Bath,3600,,,,,,Archived,Monroe,By us,,2026-07-15 15:41:22 UTC
"50 James Rd, Monroe, NY 10950",Archived,Yaneth Soto,4 Bed,2 Bath,3200,,,,,Center Monroe,Archived,Monroe,By us,,2026-07-15 11:00:51 UTC
"290 Spring St, Monroe, NY 10950",Archived,,7 Bed,3 Bath,5500,,,,,,Archived,Monroe,By us,,2026-07-14 18:08:54 UTC
"13 Herbst Drive, Monroe, NY 10950",Archived,Office,5 Bed,2 Bath,3000,,,Lockbox 2580,,,Archived,Monroe,By us,,2026-07-16 10:34:21 UTC
"23 Gilbert Street Ext, Monroe, NY 10950",Archived,,6 Bed,4 Bath,0,,,,,,Archived,Monroe,Active,,2026-07-15 15:45:31 UTC
"4 Merriewold Lane N, Monroe, NY 10950",Archived,Yaneth Soto,3 Bed,2 Bath,2650,,,On front porch by a brick,,,Archived,Monroe,By us,,2026-07-15 10:57:22 UTC
61 Gilbert St Monroe NY 10950 - APT 1,Archived,,6 Bed,4 Bath,3000,,,Should be open,,all included,Archived,Monroe,Removed,,2026-07-15 10:06:13 UTC
"16 Tanager Rd APT 1604, Monroe, NY 10950",Archived,Rous,1 Bed,1 Bath,1800,,,Tenant: 18455458566,,empty by the end of the month,Archived,Monroe,By us,,2026-07-14 18:08:54 UTC
"59 Walton Ter, Monroe, NY 10950",Archived,,6 Bed,2 Bath,2850,,,Lockbox 5784,,,Archived,Monroe,Not by us,,2026-07-15 12:36:57 UTC
"8 Round Lake Ave, Monroe, NY 10950",Archived,Rous,3 Bed,1 Bath,3300,,,Tenant: +1 845 907 1399 - Available weekends and weekdays after 6pm,,Center Monroe,Archived,Monroe,By us,,2026-07-15 15:36:29 UTC
"20 Briarwood Avenue, Monroe, NY 10950",Archived,Rous,6 Bed,2 Bath,3650,,,Tenant: +1 (845) 263-4376,,Has a pool // Laundry onsite,Archived,Monroe,By us,,2026-07-16 11:01:06 UTC
"3 Tulip Ln , Monroe, NY 10950",Archived,Rous,5 Bed,2 Bath,3200,,,Lockbox 2190,,2 Kitchens,Archived,Monroe,Not by us,,2026-07-15 12:43:09 UTC
"17 Owen Drive, Monroe, NY 10950",Archived,Yaneth Soto,6 Bed,2 Bath,3200,,,Tenant: 8452744735,,,Archived,Monroe,By us,,2026-07-14 18:08:55 UTC
"316 Schunnemunk St, Monroe, NY 10950",Archived,,6 Bed,2 Bath,3600,,,,,,Archived,Monroe,Active,,2026-07-14 18:08:55 UTC
"1432 E Mombasha Rd, Monroe, NY 10950",Archived,Office,5 Bed,2 Bath,3400,,,Lockbox 4058,,Center Monroe,Archived,Monroe,By us,,2026-07-15 12:35:25 UTC
15 Woodward Dr Monroe NY 10950,Archived,,6 Bed,4 Bath,0,,,Will be vacant by the end of the month,,Nice large house,Archived,Monroe,Active,,2026-07-15 10:06:36 UTC
"290 Spring St, Monroe, NY 10950",Archived,,8 Bed,5 Bath,0,,,Lockbox: 5314,,,Archived,Monroe,Active,,2026-07-14 18:08:55 UTC
"32 Quaker Hill Rd, Monroe, NY 10950",Archived,,5 Bed,2 Bath,0,,,,,,Archived,Monroe,By us,,2026-07-16 09:48:18 UTC
"11 Orchard Ter, Monroe, NY 10950",Archived,,4 Bed,2 Bath,3300,,,Lockbox: 4058,,Center Monroe,Archived,Monroe,Not by us,2026-07-23,2026-07-23 20:20:19 UTC
"72 Franklin Ave, Monroe, NY 10950",Archived,Office,5 Bed,2 Bath,3450,,,Tenant: +1 845 806 8518,,Center Monroe,Archived,Monroe,By us,2026-07-23,2026-07-23 20:18:45 UTC
"34 Peddler Hill Rd, Monroe, NY 10950",Archived,Rous,4 Bed,2 Bath,3300,,,Garage door is open,,Laundry onsite // Owner will scrape floors and paint,Archived,Monroe,By us,,2026-07-15 15:24:35 UTC
"4 Conklin Ct, Monroe, NY 10950",Archived,Rous,6 Bed,3 Bath,3600,,,Key: by the door molding,,Center Monroe,Archived,Monroe,By us,,2026-07-15 11:07:03 UTC
"229 Orchard Drive, Monroe, NY 10950",Archived,Yaneth Soto,5 Bed,3 Bath,4500,,,Key by the door,,Eviction,Archived,Monroe,By us,,2026-07-15 11:06:46 UTC
"23 Chatham Rd, Monroe, NY 10950",Archived,Office,6 Bed,3 Bath,3900,,,Contact owner - Empty July 15th,,Center Monroe,Archived,Monroe,Not by us,,2026-07-15 15:31:53 UTC
"604 Stage Rd, Monroe, NY 10950",Archived,Rous,Studio,1 Bath,900,,,Lockbox 1505,,Center Monroe,Archived,Monroe,By us,,2026-07-15 10:55:37 UTC
"360 Schunnemunk St,  Monroe, NY 10950",Archived,Rous,6 Bed,2 Bath,3600,,,Empty,,Center Monroe,Archived,Monroe,Not by us,,2026-07-15 12:39:42 UTC
"2 Amy Todt Dr, Monroe, NY 10950",Archived,Rous,6 Bed,2 Bath,3400,,,Lockbox 0422,,,Archived,Monroe,By us,,2026-07-14 18:08:55 UTC
"80 Old Quaker Hill Rd - Small Apartment, Monroe, NY 10950",Archived,,6 Bed,4 Bath,2600,,,,,,Archived,Monroe,Active,,2026-07-15 15:46:12 UTC
"72 Lakes Rd, Monroe, NY 10950",Archived,Office,6 Bed,2 Bath,3350,,,Tenant: +1 (845) 597-4153,,Center Monroe,Archived,Monroe,By us,,2026-07-15 11:09:33 UTC
"1 Angel Rd APT 1, Monroe, NY 10950",Archived,,3 Bed,1 Bath,2350,,,,,,Archived,Monroe,Active,,2026-07-15 15:44:28 UTC
"347 Museum Village Rd Monroe, NY 10950",Archived,,5 Bed,3 Bath,4300,,,Lockbox: 4432,,,Archived,Monroe,Not by us,,2026-07-15 11:07:20 UTC
"234 Prospect Road - Apt 2, Monroe, NY 10950",Archived,,1 Bed,1 Bath,1675,,,Lockbox 5784,,,Archived,Monroe,Not by us,,2026-07-15 12:40:45 UTC
"45 Cedar Cliff Rd, Monroe, NY 10950",Archived,,6 Bed,3 Bath,3200,,,Key is under the door,,,Archived,Monroe,By us,,2026-07-15 12:35:43 UTC
"14 Hawthorne Dr, Monroe, NY 10950",Archived,,5 Bed,3 Bath,3250,,,Lockbox: 4460,,,Archived,Monroe,By us,,2026-07-15 12:40:28 UTC
"7 Palmer Ave, Monroe, NY 10950",Archived,,6 Bed,4 Bath,0,,,,,,Archived,Monroe,Active,,2026-07-15 15:46:31 UTC
"47 Park Ave, Monroe, NY 10950",Archived,,3 Bed,1.5 Bath,2800,,,Door is open,,Center Monroe // Laundry onsite,Archived,Monroe,By us,,2026-09-07 22:53:43 UTC
"111 Lake Region Boulevard, Monroe, NY 10950",Archived,Office,3 Bed,1 Bath,2900,,,Lockbox 2512,,,Archived,Monroe,By us,,2026-07-15 15:39:59 UTC
"13 Sutherland Dr, Monroe, NY 10950",Archived,Rous,5 Bed,1.5 Bath,3500,,,Lockbox 9792 // Lock only top lock not lower lock,,Center Monroe,Archived,Monroe,By us,,2026-07-15 12:36:41 UTC
288 Prospect Rd Monroe NY 10950,Archived,,6 Bed,4 Bath,0,,,,,,Archived,Monroe,Active,,2026-07-15 15:46:06 UTC
"132 Prospect Road, Monroe, NY 10950",Archived,Yaneth Soto,5 Bed,3 Bath,4200,,,Tenant: +1 845 718 6136  // Is moving by the end of the month,,2 living rooms,Archived,Monroe,By us,,2026-07-15 12:34:57 UTC
"454 Round Lake Park Rd, Monroe, NY 10950",Archived,Leonardo Caal,5 Bed,2 Bath,3500,,,Lockbox: 5784 // Back door lockbox: 9438,,,Archived,Monroe,By us,,2026-07-15 15:40:50 UTC
"6 Heather Ridge, Highland Mills, NY 10930",Archived,Yaneth Soto,7 Bed,4 Bath,5500,,,Lockbox: 51423,,,Archived,Highland Mills,By us,2026-07-23,2026-07-23 20:18:18 UTC
"1 Jefferson St, Highland Mills, NY 10930",Archived,,3 Bed,2 Bath,2800,,,,,,Archived,Highland Mills,Not by us,,2026-07-14 18:13:11 UTC
"51 Jupiter Rd, Highland Mills, NY 10930",Archived,,3 Bed,2 Bath,2950,,,Lockbox 5880,,Tenent is moving out end of this month,Archived,Highland Mills,Active,,2026-07-14 18:13:11 UTC
"505 State Route 32, Highland Mills, NY 10930",Archived,Office,4 Bed,1 Bath,2500,,,Tenant: +1 (845) 637-9451,,Has parking,Archived,Highland Mills,Removed,,2026-07-14 18:13:14 UTC
"55 Long Hill Rd, Highland Mills, NY 10930",Archived,Yaneth Soto,4 Bed,2.5 Bath,3600,,,Lockbox: 7432,,,Archived,Highland Mills,Removed,,2026-07-14 18:13:12 UTC
"596 State Rt 32 highland mills, NY 10930",Archived,,5 Bed,1 Bath,2900,,,Open,,,Archived,Highland Mills,Active,,2026-07-15 15:48:15 UTC
"862 Rte 32 Apt 4 - Basement, Highland Mills, NY 10930",Archived,Rous,1 Bed,1 Bath,1100,,,Tenant: +1 (845) 420-8833,,Tenant moves by the end of the month,Archived,Highland Mills,Not by us,,2026-07-14 18:13:13 UTC
"8 Hill Ave, Highland Mills, NY 10930",Archived,,6 Bed,2 Bath,2950,,,,,,Archived,Highland Mills,Not by us,,2026-07-14 18:13:12 UTC
"1 Tiros Ave, Highland Mills, NY 10930",Archived,Yaneth Soto,5 Bed,2 Bath,3100,,,Lockbox: 5781,,Not exclusive,Archived,Highland Mills,Active,,2026-07-14 18:13:12 UTC
"15 Hall Line Dr, Highland Mills, NY 10930",Archived,Rous,4 Bed,2 Bath,3000,,,Empty,,Private house,Archived,Highland Mills,By us,,2026-07-16 11:00:19 UTC
"7 Country Hollow, Highland Mills, NY 10930",Archived,Rous,5 Bed,2 Bath,3800,,,Lockbox: 4123,,,Archived,Highland Mills,By us,,2026-07-14 18:13:12 UTC
"649 NY-32 - Apt 2B -, Highland Mills, NY 10930",Archived,Leonardo Caal,1 Bed,1 Bath,1400,,,Code: 6490,,Propane or small heater + electric and water,Archived,Highland Mills,By us,2026-07-23,2026-07-23 20:22:15 UTC
"635 NY-32, Highland Mills, NY 10930",Archived,,3 Bed,1.5 Bath,3100,,,Door is open,,,Archived,Highland Mills,Not by us,,2026-07-14 18:13:14 UTC
"49 Smith Clove Rd, Highland Mills, NY 10930",Archived,Rous,3 Bed,1 Bath,2975,,,Lockbox: 5141,,,Archived,Highland Mills,By us,,2026-07-14 18:13:12 UTC
"665 NY-32, Highland Mills, NY 10930",Archived,Office,Studio,1 Bath,1500,,,Key: under the mat,,,Archived,Highland Mills,Not by us,,2026-07-14 18:13:13 UTC
"126 Seven Springs Rd, Highland Mills, NY 10930",Archived,,8 Bed,4 Bath,3900,,,Tenant: 845 521 205,,3900 + 500 (utilities),Archived,Highland Mills,Active,,2026-07-15 15:48:08 UTC
"55 Long Hill Rd - Second Unit -, Highland Mills, NY 10930",Archived,Yaneth Soto,1 Bed,1 Bath,1650,,,Lockbox: 7432 - lock at main house,,Utilities split with main house 75-25,Archived,Highland Mills,By us,,2026-07-14 18:13:13 UTC
"649 Route 32 #2A, Highland Mills, NY 10930",Archived,Leonardo Caal,1 Bed,1 Bath,1550,,,Code: 6490 - open,,Propane or small heater + electric and water,Archived,Highland Mills,By us,2026-08-21,2026-08-25 23:00:17 UTC
"28 Adrianne Dr, Highland Mills, NY 10930",Archived,Office,6 Bed,3 Bath,3950,,,Lockbox 7455,,,Archived,Highland Mills,By us,,2026-07-15 10:03:07 UTC
"10 Apple Hill Dr, Highland Mills, NY 10930",Archived,Yaneth Soto,5 Bed,4 Bath,4500,,,,,Basement is not included,Archived,Highland Mills,By us,,2026-07-14 18:13:41 UTC
"110 Mineral Springs Rd, Highland Mills, NY 10930",Archived,Office,3 Bed,1 Bath,2250,,,Lockbox 4460,,,Archived,Highland Mills,By us,,2026-07-14 18:13:14 UTC
"632 State Route 32 #A, Highland Mills, NY 10930",Archived,Rous,1 Bed,1 Bath,1650,,,Open,,Electric and gas are not included,Archived,Highland Mills,Not by us,,2026-07-14 18:13:13 UTC
"18 Fordham Ln, Highland Mills, NY 10930",Archived,Office,5 Bed,3 Bath,4500,,,Back door open,,,Archived,Highland Mills,Not by us,,2026-07-14 18:13:13 UTC
"504 NY-32, Highland Mills, NY 10930",Archived,Office,5 Bed,2 Bath,2600,,,Key: next to the door on the right side,,,Archived,Highland Mills,Not by us,,2026-07-14 18:13:13 UTC
"9 1st Ave #1, Highland Mills, NY 10930",Archived,,2 Bed,1 Bath,1850,,,Key is under entrance deck,,,Archived,Highland Mills,By us,,2026-07-14 18:13:15 UTC
"172 County Rte 105, Highland Mills, NY 10930",Archived,,3 Bed,1 Bath,2600,,,Lockbox:  6537,,,Archived,Highland Mills,By us,,2026-07-14 18:13:14 UTC
"612 State Route 32 - Apt #2-, Highland Mills, NY 10930",Archived,,Studio,1 Bath,1250,,,Side door should be open,,,Archived,Highland Mills,Not by us,,2026-07-14 18:13:14 UTC
"860 State Route 32, Highland Mills, NY 10930",Archived,Office,3 Bed,2 Bath,2900,,,Open,,Private home,Archived,Highland Mills,By us,2026-07-23,2026-07-23 20:22:44 UTC
"3 Hamilton Ave, Highland Mills, NY 10930",Archived,Yaneth Soto,6 Bed,2 Bath,3250,,,Lockbox 7432,,,Archived,Highland Mills,By us,,2026-07-14 18:13:14 UTC
"665 State Route 32, Highland Mills, NY 10930",Archived,,6 Bed,2 Bath,3595,,,Lockbox 8452,,,Archived,Highland Mills,Removed,,2026-07-14 18:13:41 UTC
"68 Skyline Dr, Highland Mills, NY 10930",Archived,Yaneth Soto,5 Bed,3 Bath,3200,,,Side door is open // Ready by 06/01,,,Archived,Highland Mills,By us,2026-07-23,2026-07-23 20:18:37 UTC
"11 Paisley Ct -Apt Upstairs -, Highland Mills, NY 10930",Archived,Rous,5 Bed,2 Bath,3750,,,1-5 432,,,Archived,Highland Mills,By us,,2026-07-14 18:13:15 UTC
"7 Schunnemunk Rd, Woodbury, NY 10930",Archived,Rous,5 Bed,2 Bath,3500,,,Tenant: + 1 845 704 9881 // Empty by the end of the month,,Laundry Onsite,Archived,Highland Mills,Removed,,2026-07-14 18:13:15 UTC
"632 State Route 32 #C, Highland Mills, NY 10930",Archived,Leonardo Caal,2 Bed,1 Bath,1900,,,Lockbox 1505,,,Archived,Highland Mills,By us,,2026-07-14 18:13:13 UTC
"834 State Route 32, Highland Mills, NY 10930",Archived,Office,3 Bed,1 Bath,2450,,,Will be empty by the weekend,,,Archived,Highland Mills,By us,,2026-07-14 18:13:21 UTC
"7 County Rte 105 - APT -, Highland Mills, NY 10930",Lease Signed,Rous,5 Bed,2 Bath,2600,,,Lockbox 7290,,,Archived,Highland Mills,By us,2026-08-20,2026-08-20 13:38:24 UTC
"32 Highland Dr, Highland Mills, NY 10930",Archived,Rous,4 Bed,2 Bath,3050,,,Lockbox 3232,,laundry onsite // exclusive for a month,Archived,Highland Mills,By us,,2026-09-07 18:51:42 UTC
"7 Cascade Trl, Monroe, NY 10950",Archived,,2 Bed,2 Bath,1800,,,Lockbox: 3170,,,Archived,Monroe Trails,Removed,,2026-07-14 18:14:16 UTC
"2 Echo Trl, Monroe, NY 10950",Archived,,6 Bed,1 Bath,2600,,,Lockbox: 3170,,,Archived,Monroe Trails,Removed,,2026-07-14 18:14:16 UTC
"7 Sylvan Trl, Monroe, NY 10950",Archived,Rous,3 Bed,2 Bath,2600,,,Lockbox: 7136,,,Archived,Monroe Trails,Active,,2026-07-14 18:14:19 UTC
"91 Sylvan Trl, Monroe, NY 10950",Archived,Office,1 Bed,1 Bath,1600,,,Open,,,Archived,Monroe Trails,By us,,2026-07-14 18:14:19 UTC
"11 Laurel Trail, Monroe, NY 10950",Archived,,3 Bed,1 Bath,2300,,,Lockbox: 2319,,,Archived,Monroe Trails,Not by us,2026-07-23,2026-07-23 20:21:47 UTC
"20 Arcadian Trl #0, Monroe, NY 10950",Archived,,2 Bed,1 Bath,1950,,,Lockbox: 7981,,Laundry on site,Archived,Monroe Trails,Not by us,,2026-07-14 18:14:17 UTC
"62 Higgins Trl, Monroe, NY 10950",Archived,,2 Bed,1 Bath,1950,,,Lockbox 6225,,,Archived,Monroe Trails,Not by us,,2026-07-14 18:14:18 UTC
"15 Woodland Cir N, Monroe, NY 10950",Archived,Office,2 Bed,1 Bath,2050,,,Lockbox: 9810,,,Archived,Monroe Trails,By us,,2026-07-14 18:14:19 UTC
"8 Woodland Cir S, Monroe, NY 10950",Archived,Leonardo Caal,3 Bed,1 Bath,2150,,,Lock box 7294,,,Archived,Monroe Trails,Not by us,2026-07-23,2026-07-23 20:19:58 UTC
"10 Paradise Trl, Monroe, NY 10950",Archived,,3 Bed,1 Bath,2250,,,Lockbox: 7293,,,Archived,Monroe Trails,Not by us,,2026-07-14 18:14:19 UTC
"7 Woodland Cir N, Monroe, NY 10950",Archived,,6 Bed,4 Bath,0,,,,,,Archived,Monroe Trails,Active,,2026-07-15 15:48:23 UTC
"13 Pioneer Trl, Monroe, NY 10950",Archived,Office,3 Bed,2 Bath,2200,,,Lockbox: 1267,,,Archived,Monroe Trails,By us,,2026-07-14 18:14:20 UTC
299 Mountain,Archived,,6 Bed,4 Bath,0,,,,,Lot for parking,Archived,Monroe Trails,Active,,2026-07-15 15:48:31 UTC
"2 Wildwood Trl, Monroe, NY 10950",Archived,,3 Bed,1 Bath,2250,,,Lockbox: 0633,,,Archived,Monroe Trails,Not by us,,2026-07-14 18:14:19 UTC
"51 Paradise Trl, Monroe, NY 10950",Archived,,3 Bed,1 Bath,2300,,,Open,,,Archived,Monroe Trails,Active,,2026-07-14 18:14:19 UTC
"59 Orchard Trail, Monroe, NY 10950",Archived,Office,2 Bed,1 Bath,2000,,,Lockbox 6180,,,Archived,Monroe Trails,Not by us,,2026-07-14 18:14:19 UTC
"25 Emerald Trl, Monroe, NY 10950",Archived,Rous,2 Bed,1 Bath,2200,,,Lockbox: 7575,,,Archived,Monroe Trails,Removed,,2026-07-14 18:14:19 UTC
"66 Higgins Trail, Monroe, NY 10950",Archived,Rous,2 Bed,1 Bath,1800,,,Lockbox: 6625,,,Archived,Monroe Trails,Not by us,2026-07-23,2026-07-23 20:21:12 UTC
"34 Laurel Trail, Monroe, NY 10950",Archived,Rous,3 Bed,1 Bath,2000,,,Lockbox 6836 on electric meter,,,Archived,Monroe Trails,Removed,,2026-07-14 18:14:19 UTC
"25 Ruscitti Dr, Chester, NY 10918",Archived,,6 Bed,4 Bath,0,,,,,,Archived,Washingtonville,Active,,2026-07-15 15:48:45 UTC
"107 Barnes Rd, Washingtonville, NY 10992",Archived,,6 Bed,3 Bath,3300,,,Lockbox: 1071,,,Archived,Washingtonville,By us,,2026-07-14 18:16:08 UTC
"33 Hudson Rd, Washingtonville, NY 10992",Archived,,5 Bed,2 Bath,3200,,,Front door is open,,,Archived,Chester,Received Application,,2026-07-14 18:16:07 UTC
"4 Lark St, Washingtonville, NY 10992",Archived,Office,3 Bed,2 Bath,2800,,,Lockbox 0000,,,Archived,Washingtonville,Not by us,,2026-07-14 18:16:08 UTC
"1541 Route 208, Washingtonville, NY 10992",Archived,Rous,4 Bed,2 Bath,2950,2026-09-09,,Lockbox 0205,,2 kitchens,Archived,Washingtonville,By us,,2026-09-08 20:05:03 UTC
"146 Barnes Rd, Washingtonville, NY 10992",Archived,Yaneth Soto,6 Bed,2 Bath,3600,,,Key: under the door,,,Archived,Washingtonville,Not by us,,2026-07-14 18:16:08 UTC
"41 Woodcock Mtn Road, Washingtonville, NY 10992",Archived,,5 Bed,3 Bath,4250,,,Lockbox 1028,,Pool and laundry  / Jan 1st ready to move in,Archived,Washingtonville,By us,,2026-07-14 18:16:09 UTC
"7 Felter Hill Road, Monroe, NY 10950",Archived,,6 Bed,4 Bath,0,,,,,,Archived,Highland Mills,Received Application,2026-07-18,2026-07-17 20:43:28 UTC
"12 Menayas Ct, Washingtonville, NY 10992",Archived,Leonardo Caal,6 Bed,3 Bath,4500,,,Lockbox: 0015,,With pool,Archived,Monroe,Not by us,2026-07-23,2026-07-23 20:20:56 UTC
"155 Roselawn Road, Highland Mills, NY 10930",Lease Signed,Office,6 Bed,5 Bath,4500,,,Lockbox: 435,,,Archived,Highland Mills,By us,2026-08-14,2026-08-14 19:38:17 UTC
"10 Leone Ct, Highland Mills, NY 10930",Lease Signed,,,,,,2026-07-23,,,,Archived,Highland Mills,,2026-07-30,2026-08-03 18:39:40 UTC
"33 Bull Rd, Washingtonville, NY 10992",Archived,Rous,3 Bed,1 Bath,2400,,,Door is open,,,Archived,Washingtonville,By us,,2026-07-14 18:16:09 UTC
"113 Barnes Road, Washingtonville, NY 10992",Archived,Rous,6 Bed,3 Bath,3500,,,Garage is open,,,Archived,Washingtonville,By us,,2026-07-14 18:16:10 UTC
"284 Bull Mill Road, Chester, NY 10918",Archived,Yaneth Soto,7 Bed,4 Bath,5150,,,Key: under the mat,,2 kitchens,Archived,Chester,By us,,2026-07-14 18:19:57 UTC
"96 Barnes Road, Washingtonville, NY 10992",Archived,Office,4 Bed,2 Bath,3450,,,Lockbox: 0656,,,Archived,Washingtonville,Not by us,,2026-07-14 18:16:10 UTC
"34 Decker Dr, Washingtonville, NY 10992",Archived,,4 Bed,1.5 Bath,3500,,,Lockbox 1992,,,Archived,Washingtonville,Not by us,,2026-07-14 18:16:08 UTC
"45 Hudson Rd, Washingtonville, NY 10992",Archived,Yaneth Soto,5 Bed,1.5 Bath,2800,,,Active,,,Archived,Washingtonville,By us,,2026-07-14 18:16:09 UTC
"6 Von Trapp Court, Washingtonville, NY 10992",Archived,,4 Bed,4 Bath,4700,,,Contact: +1 845 637 9440,,,Archived,Washingtonville,By us,,2026-07-14 18:16:10 UTC
"89 Barnes Rd, Washingtonville, NY 10992",Archived,,4 Bed,2 Bath,3350,,,Lockbox on garage door: 8597,,,Archived,Washingtonville,By us,,2026-07-14 18:16:10 UTC
"54 Capital Dr, Washingtonville, NY 10992",Archived,,6 Bed,3 Bath,3500,,,Tenant: +1 845 671 1158,,Will be vacant by the end of this month,Archived,Washingtonville,By us,,2026-07-14 18:16:33 UTC
"93 Capital Dr, Washingtonville, NY 10992",Archived,,4 Bed,2 Bath,3000,,,Lockbox: 4460,,,Archived,Washingtonville,By us,,2026-07-14 18:16:09 UTC
"50 Horton Road, Washingtonville, NY 10992",Archived,Yaneth Soto,6 Bed,3 Bath,4400,,,Garage lockbox: 2829,,,Archived,Washingtonville,By us,,2026-07-14 18:16:33 UTC
"119 Helms Hill Road, Washingtonville, NY 10992",Archived,Rous,3 Bed,2 Bath,3200,,,On top of the door by the driveway,,Laundry onsite,Archived,Washingtonville,By us,,2026-07-16 11:08:39 UTC
"75 Horton Rd, Washingtonville, NY 10992",Archived,,5 Bed,4 Bath,4200,,,,,With Pool // Only show to single families with 700 credit score - owner is difficult,Archived,Washingtonville,Removed,,2026-07-14 18:16:33 UTC
"1 Mtn Lodge Rd, Washingtonville, NY 10992",Archived,,3 Bed,2 Bath,2500,,,Door is open,,Left side apartment / Utilities Included,Archived,Washingtonville,Not by us,,2026-07-14 18:16:09 UTC
"159 Barnes Rd, Washingtonville, NY 10992",Archived,,3 Bed,2.5 Bath,3250,,,Key: under the mat,,,Archived,Washingtonville,Not by us,,2026-07-14 18:16:09 UTC
"1535 Route 208, unit 2, Washingtonville, NY 10992",Archived,Rous,6 Bed,1 Bath,2650,,,Open,,,Archived,Washingtonville,By us,,2026-07-14 18:16:09 UTC
"8 Patricia Lane, Washingtonville, NY 10992",Archived,Office,6 Bed,2 Bath,3100,,,Lockbox 331155,,,Archived,Washingtonville,By us,,2026-07-14 18:16:09 UTC
"20 Mockingbird Ln, Washingtonville, NY 10992",Archived,Rous,7 Bed,2.5 Bath,3500,,,Key under rock by the front door,,Owner will repaint,Archived,Washingtonville,By us,,2026-07-14 18:16:12 UTC
"1541 Route 208 - Unit 2-, Washingtonville, NY 10992",Archived,Office,2 Bed,1 Bath,1850,,,Lockbox 0205,,,Archived,Washingtonville,Removed,,2026-07-14 18:16:10 UTC
"44 Horton Rd, Washingtonville, NY 10992",Archived,Office,6 Bed,2 Bath,3500,,,Key:  under the rug,,,Archived,Washingtonville,By us,,2026-07-14 18:16:10 UTC
"124 Barnes Rd, Washingtonville, NY 10992",Archived,,6 Bed,2 Bath,0,,,Lockbox 8597,,,Archived,Washingtonville,Not by us,,2026-07-14 18:16:33 UTC
"19 Billy Ave, Washingtonville, NY 10992",Archived,,6 Bed,2 Bath,3500,,,Lockbox 0205,,Laundry Onsite,Archived,Washingtonville,Not by us,,2026-07-14 18:16:10 UTC
"45 Mtn Lodge Road, Washingtonville, NY 10992",Archived,Rous,3 Bed,1 Bath,2600,,,Lockbox back door: 2580,,Utilities included expect for Oil,Archived,Washingtonville,By us,,2026-07-14 18:16:11 UTC
"17 Goshen Ave #2, Washingtonville, NY 10992",Archived,Yaneth Soto,3 Bed,2 Bath,2300,,,Access: +1(845) 543-1483,,,Archived,Washingtonville,Not by us,,2026-07-14 18:16:10 UTC
"1541 Route 208 - Unit #1 -, Washingtonville, NY 10992",Archived,,2 Bed,1 Bath,1800,,,Lockbox 0205,,,Archived,Washingtonville,Removed,,2026-07-14 18:16:10 UTC
"20 Amy Road, Washingtonville, NY 10992",Archived,Office,6 Bed,2 Bath,3500,,,Tenant: +1 845 784 8163,,,Archived,Washingtonville,Removed,,2026-07-14 18:16:10 UTC
"33 Hudson Road, Washingtonville, NY 10992",Archived,,5 Bed,2 Bath,3000,,,Open,,No Garage,Archived,Washingtonville,By us,,2026-07-14 18:16:33 UTC
"218 Beattie Rd, Washingtonville, NY 10992",Archived,,6 Bed,2 Bath,4100,,,Lock: 5707620,,fix and flip house,Archived,Washingtonville,Removed,,2026-07-14 18:16:11 UTC
"59 E Main St, Washingtonville, NY 10992",Archived,Yaneth Soto,5 Bed,2 Bath,3000,,,Back door is open,,,Archived,Washingtonville,Not by us,,2026-07-14 18:16:11 UTC
"91 Toleman Rd, Washingtonville, NY 10992",Archived,,6 Bed,4 Bath,0,,,,,,Archived,Washingtonville,Active,,2026-07-15 15:48:38 UTC
"41 Oakland Ave, Central Valley, NY 10917",Archived,,4 Bed,3 Bath,3900,,,Lockbox: Front 6941 or 4169 and the Back 8323 or 2383,,,Archived,Central Valley/Harriman,Not by us,,2026-07-14 18:17:34 UTC
"44 Clinton Dr, Washingtonville, NY 10992",Removed,Yaneth Soto,5 Bed,2 Bath,4100,,,Empty,,,Archived,Washingtonville,,,2026-08-25 22:04:00 UTC
"4 Babcock Dr, Harriman, NY 10926",Archived,,3 Bed,3 Bath,2600,,,key on the left corner of the door frame,,,Archived,Central Valley/Harriman,By us,,2026-07-16 11:14:02 UTC
"957 State Route 32, Woodbury, NY 10930",Archived,Rous,5 Bed,4 Bath,3950,,,Lockbox is on the door - No code,,,Archived,Central Valley/Harriman,Removed,,2026-07-14 18:17:36 UTC
"34 State Route 17m, Harriman, NY 10926",Archived,Yaneth Soto,7 Bed,3 Bath,3700,,,Access outside 36 (next door ) On the fire alarm system. Make sure to put it back,,,Archived,Central Valley/Harriman,By us,,2026-07-14 18:17:36 UTC
"6 Kearney Avenue, Harriman, NY 10926",Archived,Office,6 Bed,1 Bath,3000,,,Tenant 845 776 1231,,,Archived,Central Valley/Harriman,Active,,2026-07-14 18:17:36 UTC
"38 Buena Vista Terrace, Central Valley, NY 10917",Archived,,5 Bed,3 Bath,3850,,,Lockbox: 7455-9792,,,Archived,Central Valley/Harriman,Not by us,,2026-07-16 10:56:46 UTC
"10 Capital Drive Washingtonville, NY 10992",Lease Signed,Leonardo Caal,4 Bed,2 Bath,3400,,,Lockbox: 1010,,,Archived,Washingtonville,By us,2026-08-05,2026-08-05 18:04:41 UTC
"261 NY-32, Central Valley, NY 10917",Archived,Office,5 Bed,2.5 Bath,3400,,,,,,Archived,Central Valley/Harriman,By us,,2026-07-14 18:17:37 UTC
"5 S Main St - Second Floor -, Harriman, NY 10926",Archived,Rous,3 Bed,2 Bath,2450,,,Open,,,Archived,Central Valley/Harriman,By us,,2026-07-16 10:39:31 UTC
"1547 Route 208, Washingtonville, NY 10992",Lease Signed,Office,3 Bed,1 Bath,2800,,2026-08-12,Tenant: +1 (203) 725-2744,2026-08-31,,Archived,Washingtonville,By us,2026-08-21,2026-08-25 12:17:56 UTC
"12 Falkirk Ave, Central Valley, NY 10917",Archived,Yaneth Soto,4 Bed,2 Bath,2900,,,Lockbox 1445,,,Archived,Monroe,By us,2026-07-23,2026-07-23 20:21:38 UTC
"13 N Main St, Harriman, NY 10926",Archived,,1 Bed,1 Bath,1500,,,,,,Archived,Central Valley/Harriman,By us,,2026-07-14 18:17:35 UTC
"5 Summit Ave, Central Valley, NY 10917",Archived,,5 Bed,2.5 Bath,3650,,,,,Tenant pays solar panels: $150,Archived,Central Valley/Harriman,By us,,2026-07-14 18:19:17 UTC
"33 Smith Clove Rd Apt 2, Central Valley, NY 10917",Archived,,2 Bed,1 Bath,1900,,,,,,Archived,Central Valley/Harriman,Active,,2026-07-15 15:48:50 UTC
"10 Grove St, Harriman, NY 10926",Archived,Rous,5 Bed,2 Bath,2400,,,Lockbox 2626,,,Archived,Central Valley/Harriman,Not by us,,2026-07-14 18:17:36 UTC
"308 County Rte 105, Highland Mills, NY 10930",Archived,,5 Bed,2 Bath,4000,,,Key: On top of the door,,house needs work landlord will work on it,Archived,Central Valley/Harriman,Removed,,2026-07-14 18:17:35 UTC
"20 Grove Street, Harriman, NY 10926",Archived,Office,4 Bed,2 Bath,3500,,,Lockbox 1951,,has pool and washer and dryer,Archived,Central Valley/Harriman,Lease Signed,,2026-07-14 18:17:35 UTC
"3 Carroll Drive, Woodbury, NY 10930",Archived,Office,5 Bed,3 Bath,3900,,,Open,,,Archived,Central Valley/Harriman,Removed,,2026-07-14 18:17:37 UTC
"15 Edgewood Dr, Central Valley, NY 10917",Archived,Yaneth Soto,6 Bed,2 Bath,2800,,,Back door is open,,,Archived,Central Valley/Harriman,By us,,2026-07-14 18:17:38 UTC
"269 Smith Clove Rd, Woodbury, NY 10930",Archived,Yaneth Soto,6 Bed,2 Bath,2900,,,Code: 8547,,,Archived,Central Valley/Harriman,By us,,2026-07-14 18:17:39 UTC
"123 Main St, Chester, NY 10918",Archived,Rous,2 Bed,1 Bath,1700,,,Tenant: +1 845-405-6881,,Including Utilities / On top of restaurant (next to 133),Archived,Monroe,By us,2026-07-23,2026-07-23 20:19:11 UTC
"6 Kings Hwy Apt 101, Chester, NY 10918",Archived,,3 Bed,1 Bath,2150,,,Lockbox 6956,,,Archived,Chester,Lease Signed,,2026-07-14 18:19:56 UTC
"21 Shuit Pl, Central Valley, NY 10917",Lease Signed,,3 Bed,1 Bath,2900,,,Confirm with owner,2026-08-15,Prospect needs to have 700 credit and up,Archived,Central Valley/Harriman,By us,2026-08-14,2026-08-14 17:11:30 UTC
4412 Whispering Hls Chester NY 10918,Archived,,2 Bed,1 Bath,2450,,,The garage code is 74760,,,Archived,Chester,By us,,2026-07-14 18:19:56 UTC
"133 N Main St, Chester, NY 10950",Archived,Yaneth Soto,2 Bed,1 Bath,1750,,,Lockbox 8547,,,Archived,Chester,By us,,2026-07-14 18:19:56 UTC
"389 Prospect Road, Chester, NY 10918",Archived,Yaneth Soto,5 Bed,3 Bath,4500,,,Key is in the charcoal barbecue on the back porch.,,Pool // Does not include back garage,Archived,Monroe,By us,2026-07-23,2026-08-27 21:48:38 UTC
"5 Oxford Springs Road - Upstairs Apt- , Chester, NY 10918",Archived,Office,3 Bed,1 Bath,2550,,,Code: 50,,,Archived,Chester,By us,,2026-07-14 18:19:58 UTC
"143 Main St #9, Chester, NY 10918",Archived,Rous,Studio,1 Bath,1400,,,Door is open,,Utility separate,Archived,Chester,By us,,2026-07-14 18:19:57 UTC
"52 Main St - Unit #3, Chester, NY 10918",Archived,Rous,2 Bed,1 Bath,1750,,,Lockbox: 8547 on the inside door,,No Parking,Archived,Chester,By us,,2026-07-14 18:19:57 UTC
"52 Farmingdale Road, Chester, NY 10918",Archived,Office,6 Bed,3 Bath,3250,,,Tenant: +1 (845)588-5607 / Moving by the end of April,,,Archived,Chester,Active,,2026-07-15 15:49:03 UTC
"78 Whitetail Run, Chester, NY 10918",Archived,Rous,5 Bed,2 Bath,4000,,,Open,,2 kitchens,Archived,Chester,By us,,2026-09-07 20:46:26 UTC
"71 Greycourt Rd, Chester, NY 10918",Archived,Leonardo Caal,3 Bed,2 Bath,2800,,,Key is under rug,,,Archived,Chester,By us,,2026-07-16 11:16:07 UTC
"114 Main St - Unit #2 -, Chester, NY 10918",Archived,Office,2 Bed,1 Bath,1600,,,Open,,,Archived,Chester,By us,,2026-07-14 18:19:58 UTC
"143 Main st, unit 14, Chester, NY 10918",Archived,,Studio,1 Bath,1300,,,Lockbox: 1951,,Includes utilities,Archived,Chester,By us,,2026-07-14 18:19:57 UTC
"4 Debbie Ct, Chester, NY 10918",Archived,,6 Bed,4 Bath,0,,,,,,Archived,Chester,Active,,2026-07-15 10:11:05 UTC
"5 Oxford Springs Road - Basement Apt- , Chester, NY 10918",Archived,Office,1 Bed,1 Bath,1400,,,Code: 50,,,Archived,Chester,By us,,2026-07-14 18:19:58 UTC
"143 Main St #12, Chester, NY 10918",Archived,Leonardo Caal,1 Bed,1 Bath,1500,,,AVAILABLE ONLY ON WEEKENDS - Tenant: +1 (845) 263-9785 // vacant by 06/01,,,Archived,Chester,By us,,2026-07-16 10:53:44 UTC
"24 Union St - APT -, Haverstraw, NY 10927",Archived,,1 Bed,1 Bath,1850,,,Lockbox 1041,,,Archived,Chester,Active,,2026-07-15 15:48:58 UTC
"125 Main St, Chester, NY 10918",Archived,Office,3 Bed,2 Bath,2600,,,Door is open,,,Archived,Chester,By us,,2026-07-14 18:19:58 UTC
"4 Greycourt Road, Chester, NY 10918",Archived,Leonardo Caal,5 Bed,2 Bath,3750,,,Tenant: +1 631 639 8064,,Pool,Archived,Monroe,By us,,2026-07-14 18:19:59 UTC
"1381 Kings Hwy, Chester, NY 10918",Archived,Rous,1 Bed,1 Bath,1650,,,Key is on top of the door,,Nothing included,Archived,Chester,By us,,2026-07-14 18:19:58 UTC
"5 Ricki Ln, Chester, NY 10918",Archived,Yaneth Soto,4 Bed,2 Bath,3100,,,Lockbox: 6537,,Private House,Archived,Monroe,By us,,2026-07-14 18:19:58 UTC
"492 Black Meadow Rd - Unit A -, Chester, NY 10918",Archived,Rous,1 Bed,1 Bath,1750,,,Door is open,,,Archived,Chester,By us,,2026-07-14 18:19:58 UTC
"63 Main St - APT B-, Chester, NY 10918",Archived,Yaneth Soto,2 Bed,1 Bath,1700,,,Key is under the rock by the front door,,,Archived,Chester,By us,,2026-07-16 10:57:47 UTC
"57 Whitetail Run, Chester, NY 10918",Archived,,6 Bed,4 Bath,4000,,,Door is open,,2 kitchens & pool,Archived,Chester,Active,,2026-07-14 18:19:58 UTC
"4235 Summerville Way, Chester, NY 10918",Archived,Office,5 Bed,2 Bath,3300,,,Open,,,Archived,Chester,By us,,2026-07-14 18:19:58 UTC
"215 West Main St, Goshen, NY 10924",Archived,Office,6 Bed,2 Bath,2450,,,Tenant +1(845)479-0358,,2 kitchens,Archived,Goshen,Removed,,2026-07-14 18:20:59 UTC
"260 Main St, Goshen, NY 10924",Archived,Rous,7 Bed,5 Bath,4500,,,Lockbox 1636,,,Archived,Goshen,By us,,2026-07-14 18:21:00 UTC
"51 Greenwich Ave #2, Goshen, NY 10924",Archived,Yaneth Soto,3 Bed,2 Bath,2450,,,Lockbox 4050,,,Archived,Goshen,Removed,,2026-07-14 18:21:01 UTC
"67 Main St #3A, Walden, NY 12586",Archived,,2 Bed,1 Bath,1750,,,Lockbox 8547,,,Archived,Walden,Removed,,2026-07-14 18:21:08 UTC
"825 NY-52 - Apt -, Walden, NY 12586",Archived,Office,1 Bed,1 Bath,1550,,,,,,Archived,Walden,By us,2026-07-23,2026-07-23 20:18:55 UTC
"882 NY-52, Walden, NY 12586",Archived,Rous,3 Bed,2 Bath,2500,,,Lockbox: 5784,,Laundry hookup + New kitchen,Archived,Walden,Removed,,2026-07-14 18:21:09 UTC
"825 Route 52 - House -, Walden, NY 12586",Archived,Leonardo Caal,1 Bed,1 Bath,1900,,,Door is open,,,Archived,Monroe,By us,2025-07-17,2026-07-16 20:50:04 UTC
"26 Maloney Ln, Goshen, NY 10924",Lease Signed,Yaneth Soto,2 Bed,2 Bath,2500,,,Door is open,,,Archived,Goshen,By us,2026-08-25,2026-08-26 21:22:39 UTC
"99 Orange Ave, Walden, NY 12586",Archived,Rous,3 Bed,1 Bath,2400,,,Key is in office,,sewer is not included.,Archived,Walden,By us,,2026-07-14 18:21:09 UTC
"67 Main St - Apt 2nd floor- , Walden, NY 12586",Archived,,2 Bed,1 Bath,1700,,,Lockbox 8547,,,Archived,Walden,Removed,,2026-07-14 18:21:09 UTC
"41 Tanager Rd - Apt 4102 -, Monroe, NY 10950",Lease Signed,Office,1 Bed,1 Bath,2000,,,Lockbox is by 4102 - Lock number is 1234,,,Archived,Monroe,By us,2026-08-25,2026-08-25 15:33:09 UTC
"11 Cunningham Dr, Monroe, NY 10950",Rented By Us,Rous,5 Bed,3 Bath,3800,,,Lockbox: 7455 - 9792,,Center Monroe,Archived,Monroe,,2026-07-31,2026-07-31 13:40:47 UTC
"20 Ulster Ave #2, Walden, NY 12586",Archived,Yaneth Soto,2 Bed,1 Bath,1750,,,,,,Archived,Walden,By us,,2026-07-14 18:21:07 UTC
"42 Tanager Rd - Apt 4204 -, Monroe, NY 10950",Rented By Us,Leonardo Caal,2 Bed,2 Bath,2250,,,Lockbox is by 4102 - Lock number is 1234,,,Archived,Monroe,,2026-07-23,2026-07-23 20:15:16 UTC
"38 E Main St -Apt -, Walden, NY 12586",Archived,,1 Bed,1 Bath,1650,,,Lockbox 8547,,Heat is included / Big Unit / Lawn maintenance on tenant,Archived,Walden,Removed,,2026-07-14 18:21:08 UTC
"4 Tappan Drive -Upstairs-, Monroe, NY 10950",,,,,,,,,,,Archived,Monroe,,,2026-08-27 17:03:55 UTC
"140 Fries Ln Apt B, Walden, NY 12586",Archived,Office,2 Bed,1 Bath,1750,,,Key behind white drawer,,Utilities included,Archived,Walden,By us,,2026-07-14 18:21:08 UTC
"293 E Main St #2, Middletown, NY 10940",Archived,Rous,3 Bed,1 Bath,2300,,,Door is Open,,,Archived,Middletown,By us,,2026-07-14 18:22:23 UTC
"5 Jane Ct, Monroe, NY 10950",Lease Signed,,4 Bed,2 Bath,3500,,2026-07-22,Garage code 0507,,Showings staring next week,Archived,Monroe,By us,2026-08-20,2026-08-25 12:14:53 UTC
"11 East Ave Unit 2, Middletown, NY 10940",Archived,,3 Bed,1 Bath,2400,,,Lockbox 1123,,,Archived,Middletown,Not by us,,2026-07-14 18:22:23 UTC
"7 Knoll Ct, Monroe, NY 10950",Active,Yaneth Soto,4 Bed,2 Bath,3500,,,Showings starting 7/27,,,Archived,Monroe,Not by us,2026-08-26,2026-08-26 21:15:11 UTC
"63 Foster Rd, Middletown, NY 10941",Archived,Office,5 Bed,3 Bath,3500,,,,,,Archived,Middletown,Active,,2026-07-15 15:49:15 UTC
"50 McGarrah Rd, Monroe, NY 10950",Rented By Us,,6 Bed,4 Bath,4300,,,Tenant: +1 845 842 4630,,,Archived,Monroe,,2026-07-23,2026-07-23 20:15:41 UTC
"136 North St,- Apt 136B - Middletown, NY 10940",Archived,Yaneth Soto,1 Bed,1 Bath,1650,,,Key is in the store from downstairs by the bakery,,,Archived,Middletown,Removed,,2026-07-14 18:22:25 UTC
"13 W Conkling Ave - Unit #1 -, Middletown, NY 10940",Archived,Rous,3 Bed,1 Bath,1850,,,Lockbox at the left side of the porch: 6428 - 8642,,,Archived,Middletown,By us,,2026-07-14 18:22:23 UTC
"65 Peter Bush Dr, Monroe, NY 10950",Lease Signed,Yaneth Soto,4 Bed,2 Bath,3200,,,Lockbox: 1650,,,Archived,Monroe,By us,2026-08-25,2026-08-25 22:59:21 UTC
"13 Little Ave - Unit 2 -, Middletown, NY 10940",Archived,,3 Bed,1 Bath,2200,,,Lockbox 1322,,,Archived,Middletown,By us,,2026-07-14 18:22:24 UTC
"48 Beacon St - Left side Apt-, Middletown, NY 10940",Archived,,3 Bed,1 Bath,2150,,,Lockbox 6116,,,Archived,Middletown,Not by us,,2026-07-14 18:22:23 UTC
"7 Merriewold Ln N, Monroe, NY 10950",Lease Signed,Rous,6 Bed,2 Bath,2875,,,Open,,,Archived,Monroe,By us,2026-08-06,2026-08-14 15:46:48 UTC
"22 Wallkill Ave-Apt1,  Middletown, NY 10940",Archived,Rous,1 Bed,1 Bath,1500,,,Key is in mailbox,,1 week exclusive,Archived,Middletown,By us,,2026-07-14 18:22:25 UTC
"13 Kalvin Ter, Monroe, NY 10950",Rented Not By Us,,,,,,2026-08-04,,,,Archived,Monroe,,,2026-08-03 19:43:17 UTC
Test Middeltown,Archived,,6 Bed,4 Bath,0,,,,,,Archived,Middletown,Lease Signed,,2026-07-15 10:11:12 UTC
"30 East Ave, Middletown, NY 10940",Archived,Office,6 Bed,2 Bath,2950,,,Lockbox: 1028,,2 kitchens - not exclusive,Archived,Middletown,Not by us,,2026-07-14 18:22:23 UTC
"2 Dubois St, Middletown, NY 10940",Rented Not By Us,Leonardo Caal,4 Bed,2 Bath,3050,,,Any day after 5pm,2026-08-31,,Archived,Middletown,Not by us,2026-08-17,2026-08-17 20:24:31 UTC
"43 John St, Middletown, NY 10940",Archived,Rous,3 Bed,1 Bath,2150,,,Side door is open,,,Archived,Middletown,Removed,,2026-07-14 18:22:24 UTC
"26 Maple Ln - APT -, Monroe, NY 10950",Rented Not By Us,,3 Bed,1 Bath,2000,,,Tenant +1(845)837-2225,,,Archived,Monroe,,,2026-08-19 20:37:06 UTC
"122 Linden Ave, Middletown, NY 10940",Archived,Yaneth Soto,2 Bed,1 Bath,1800,,,Lockbox 6060,,Second floor plus attic,Archived,Middletown,Not by us,,2026-07-14 18:22:24 UTC
"10 Roe Cir, Monroe, NY 10950",Active,,4 Bed,2 Bath,3800,2026-08-05,,Lockbox 4058,,,Archived,Monroe,By us,2026-09-08,2026-09-09 14:40:07 UTC
"19 Myrtle Ave #1, Middletown, NY 10940",Archived,,2 Bed,1 Bath,1900,,,Lockbox 6836,,,Archived,Middletown,Active,,2026-09-07 13:22:55 UTC
"188 Linden Ave, Middletown, NY 10940",Archived,Rous,3 Bed,1 Bath,1950,,,Key is in mailbox,,,Archived,Middletown,By us,,2026-07-14 18:22:27 UTC
"3 Hulse St, Middletown, NY 10940",Archived,Yaneth Soto,3 Bed,1 Bath,2250,,,Lockbox: 4357,,Has laundry room,Archived,Middletown,Not by us,,2026-07-14 18:22:27 UTC
"22 Tanager Rd - APT 01 -, Monroe, NY 10950",Lease Signed,Leonardo Caal,1 Bed,1 Bath,1800,,2026-08-12,Tenant: +1 917 728 0556,,,Archived,Monroe,By us,2026-08-18,2026-08-18 19:26:26 UTC
"125 Linden Ave - Unit #1 - , Middletown, NY 10940",Archived,,3 Bed,1 Bath,1950,,,Lockbox: 9879,,,Archived,Middletown,Removed,,2026-07-16 11:20:00 UTC
"12 Ridge St #3, Middletown, NY 10940",Archived,Yaneth Soto,2 Bed,1 Bath,1800,,,Open,,,Archived,Middletown,By us,,2026-07-14 18:22:29 UTC
"50 Mcgarrah Road, Monroe, NY 10950",,,,,,,,,,,Archived,Monroe,,,2026-08-27 16:50:27 UTC
"1706 Baldwin Ln, Newburgh, NY 12550",Archived,Leonardo Caal,3 Bed,2 Bath,2575,,,Lockbox: 2509,,Town of Newburgh // Pool in condominium,Archived,Newburgh,Not by us,2026-07-23,2026-07-23 20:21:03 UTC
"3135 Rte 9W, Apt 2 New Windsor, NY 12553",Archived,,1 Bed,1 Bath,1700,,,Outside door 1253 lockbox on right side  inside 3135,,,Archived,New Windsor,Not by us,,2026-07-14 18:23:01 UTC
"204 Stony Ford Rd, Middletown, NY 10941",Lease Signed,,3 Bed,1 Bath,2900,,,Lockbox: 9114,,Avail for showing starting saturday,Archived,Middletown,By us,2026-08-20,2026-08-20 17:57:03 UTC
"26 Quassaick Ave -APT 1 , New Windsor, NY 12553",Archived,Office,1 Bed,1 Bath,1550,,,Lockbox: 1226,,,Archived,New Windsor,Not by us,2026-07-23,2026-07-23 20:18:08 UTC
"19 Myrtle Ave #2, Middletown, NY 10940",Need photos,,2 Bed,1 Bath,2000,2026-09-03,2026-08-11,Lockbox: 6116/6836,,,Archived,Middletown,Not by us,2026-09-05,2026-09-07 13:23:01 UTC
"1211 River rd APT #1, New Windsor, NY 12553",Archived,Rous,3 Bed,2 Bath,2300,,,9879,,,Archived,New Windsor,By us,2026-07-23,2026-07-23 20:21:28 UTC
"24 Crescent Pl, Middletown, NY 10940",Lease Signed,Office,4 Bed,1 Bath,2800,,,Key is in mailbox,,,Archived,Middletown,,,2026-08-27 21:50:27 UTC
"10 Belle Ct #10A, New Windsor, NY 12553",Archived,,2 Bed,1.5 Bath,1850,,,Lockbox: 6537,,,Archived,New Windsor,By us,,2026-07-14 18:23:02 UTC
"10 Belle Ct Unit B, New Windsor, NY 12553",Archived,Rous,2 Bed,1 Bath,1800,,,Key: is at the light outside,,,Archived,New Windsor,Active,,2026-07-15 15:49:42 UTC
"1097 NY-94 Apt 3, New Windsor, NY 12553",Archived,Rous,3 Bed,1 Bath,2500,,,Lockbox: 1397,,Fully renovated,Archived,New Windsor,Active,,2026-07-15 15:49:20 UTC
"6 Belle Ct Unit A, New Windsor, NY 12553",Archived,Office,2 Bed,1 Bath,1975,,,Open,,,Archived,New Windsor,Active,,2026-07-14 18:23:02 UTC
"6 Belle Unit C, New Windsor, NY 12553",Archived,Office,2 Bed,1 Bath,1800,,,Lockbox: 6537,,,Archived,New Windsor,Active,,2026-07-15 15:49:37 UTC
"6 Belle Ct Unit B, New Windsor, NY 12553",Archived,Yaneth Soto,2 Bed,1 Bath,1800,,,Lockbox: 2319,,,Archived,New Windsor,Active,,2026-07-15 15:49:31 UTC
"149 Lewis Ln - Unit 2-, Wallkill, NY 12589",Archived,Office,3 Bed,1 Bath,2150,,,Lockbox: 2019,,,Archived,Wallkill,Not by us,,2026-07-16 10:59:48 UTC
"149 Lewis Ln - Unit 3 -, Wallkill, NY 12589",Archived,Rous,2 Bed,1 Bath,1700,,,Lockbox: 2019,,Seprate meter for electric   Sepate oil and propane   Possible to negotiate utilities,Archived,Wallkill,By us,,2026-07-16 10:54:09 UTC
"40 Rivera Trail, Wallkill, NY 12589",Archived,Leonardo Caal,3 Bed,1 Bath,2175,,,,,,Archived,Wallkill,Not by us,,2026-07-14 18:23:17 UTC
"149 Lewis Ln - Unit 1- , Wallkill, NY 12589",Archived,Yaneth Soto,4 Bed,1 Bath,2700,,,Lockbox: 2019,,Seprate meter for electric   Sepate oil and propane   Possible to negotiate utilities,Archived,Wallkill,Not by us,,2026-07-14 18:23:17 UTC
"42 Rivera Trail, Wallkill, NY 12589",Archived,Office,6 Bed,2 Bath,3300,,,Available: Nov 1,,,Archived,Wallkill,Removed,,2026-07-14 18:23:16 UTC
"138 Greeves Rd, New Hampton, NY 10958",Archived,Office,3 Bed,2 Bath,3200,,,,,,Archived,New Hampton,Not by us,,2026-07-14 18:23:23 UTC
"202 Ridgebury Road, New Hampton, NY 10958",Archived,Yaneth Soto,4 Bed,1 Bath,2500,,,Lockbox: 3384,,Has 4 Acres  Big bonus Farm building  2 Garage buildings 1 of them is huge,Archived,New Hampton,Not by us,,2026-07-14 18:23:24 UTC
"17 Ribbecke Hill Rd, Pine Bush, NY 12566",Archived,,2 Bed,1 Bath,2500,,,,,,Archived,Pine Bush,Active,,2026-07-15 15:49:47 UTC
"3650 State Route 52, # 2, Pine Bush, NY 12566",Archived,,2 Bed,1 Bath,1200,,,Lockbox 4460,,We do not have to go down for showings. Everyone can do a showing just be on video. Call when letting somebody in.,Archived,Pine Bush,Not by us,,2026-07-14 18:23:33 UTC
"77 Randall Rd, Florida, NY 10921",Archived,Rous,2 Bed,1 Bath,1800,,,Lockbox 1116,,,Archived,Florida,Removed,,2026-07-14 18:23:37 UTC
"11 King St, Port Jervis, NY 12771",Archived,Office,3 Bed,2 Bath,2600,,,Contact Shlomy for showings,,,Archived,Port Jervis,Active,,2026-07-14 18:23:37 UTC
"72 Hammond St, Port Jervis, NY 12771",Archived,Office,3 Bed,2 Bath,2600,,,Contact Shlomy for showings,,,Archived,Port Jervis,Active,,2026-07-15 15:49:52 UTC
"104 Ball St #1, Pt Jervis, NY 12771",Archived,Office,3 Bed,1 Bath,1900,,,Contact Shlomy for showings,,,Archived,Port Jervis,Active,,2026-07-15 15:50:03 UTC
"20 Evergreen Ln, Bloomingburg, NY 12721",Archived,,3 Bed,1 Bath,2300,,,Lockbox 1-3-5,,Showings done by Shlomy,Archived,Bloomingburg,Not by us,,2026-07-14 18:23:42 UTC
"6 Farmingdale Lane, Bloomingburg, NY 12721",Archived,,3 Bed,2 Bath,2300,,,Lockbox 254,,,Archived,Bloomingburg,By us,,2026-07-16 11:15:25 UTC
"73 Mountain Rd, Bloomingburg, NY 12721",Archived,,3 Bed,3 Bath,4500,,,Lockbox 9435,,Unassigned,Archived,Bloomingburg,Removed,,2026-07-14 18:23:45 UTC
"5 Old Turnpike Rd #1, Bloomingburg, NY 12721.",Archived,,3 Bed,1 Bath,1800,,,Key is under the rug,,,Archived,Bloomingburg,Not by us,,2026-07-14 18:23:50 UTC
161 Main St Chester NY 10918,Pending,,,,2200,,,,,,Archived,Chester,,,2026-08-31 19:42:06 UTC
"154 Orange Ave, Walden, NY 12586",Rented Not By Us,,3 Bed,1 Bath,2400,,,Lockbox: 5424,,,Archived,Walden,,2026-07-28,2026-07-28 14:09:04 UTC
"200 Fosler Rd - Apt 8- , Highland, NY 12528",Rented By Us,Leonardo Caal,Studio,1 Bath,1200,,,All showings for Leo // Lockbox: 5150,,Laundry facility in the property,Archived,Highland Mills,By us,2026-08-04,2026-08-19 19:50:00 UTC
"200 Fosler Rd - Apt 10- , Highland, NY 12528",Rented By Us,Leonardo Caal,Studio,1 Bath,1000,,,All showings for Leo // Lockbox: 5150,,Laundry facility in the property,Archived,Highland Mills,By us,,2026-09-07 22:47:53 UTC
"200 Fosler Rd - Apt 49 -, Highland, NY 12528",Rented Not By Us,Leonardo Caal,Studio,1 Bath,1200,,,All showings for Leo // Lockbox: 5150,,Laundry facility in the property,Archived,Highland Mills,Not by us,,2026-08-19 19:50:05 UTC
"200 Fosler Rd - Apt 50- , Highland, NY 12528",Lease Signed,Leonardo Caal,Studio,1 Bath,1100,,,All showings for Leo // Lockbox: 5150,,Laundry facility in the property,Archived,Highland,By us,2026-09-01,2026-09-02 17:25:32 UTC
"200 Fosler Rd - Apt 52- , Highland, NY 12528",Active,Leonardo Caal,Studio,1 Bath,1100,2026-07-23,,All showings for Leo // Lockbox: 5150,,Laundry facility in the property,Archived,Highland,By us,2026-09-04,2026-09-04 18:47:56 UTC
"200 Fosler Rd #222C, Highland, NY 12528",Lease Signed,Leonardo Caal,3 Bed,1 Bath,2300,,,All showings for Leo // Lockbox: 5150,,Laundry facility in the property,Archived,Highland Mills,By us,2026-08-18,2026-08-27 21:48:18 UTC
"862 Route 32 - Apt Top Floor-, Highland Mills, NY 10930",Lease Signed,Rous,2 Bed,1 Bath,1900,,,Unlocked now,,,Archived,Highland Mills,By us,2026-08-14,2026-08-14 13:57:35 UTC
"17 Oak Concourse, Central Valley, NY 10917",Rented Not By Us,,4 Bed,4 Bath,5800,,,Lockbox: 5324,,With swimming pool,Archived,Central Valley/Harriman,,2026-08-25,2026-08-25 22:59:52 UTC
